-- POPOLAMENTO DIPENDENTI CON PRESENZE E NUMERI DI TELEFONO

INSERT INTO PERSONA(CODICE_FISCALE,NOME,COGNOME,DATA_NASCITA,SESSO) VALUES('0000000000000001','VINCENZO','CIMMINO',TO_DATE('19/07/1994','DD/MM/YYYY'),'M');
INSERT INTO DIPENDENTE(CF,DATA_ASSUNZIONE,STIPENDIO) VALUES('0000000000000001',TO_DATE('18/05/2018','DD/MM/YYYY'),1200);
INSERT INTO TELEFONOPERSONA(CF,TELEFONO) VALUES ('0000000000000001','3330000001');
INSERT INTO PRESENZA(CF_DIP,DATA_E_ORA_INIZIO,DATA_E_ORA_FINE) VALUES('0000000000000001',TO_DATE('19-05-2018 09:00:00','dd-mm-yyyy hh24:mi:ss'),TO_DATE('19-05-2018 16:00:00','dd-mm-yyyy hh24:mi:ss'));
INSERT INTO PRESENZA(CF_DIP,DATA_E_ORA_INIZIO,DATA_E_ORA_FINE) VALUES('0000000000000001',TO_DATE('21-05-2018 09:00:00','dd-mm-yyyy hh24:mi:ss'),TO_DATE('21-05-2018 18:00:00','dd-mm-yyyy hh24:mi:ss'));
INSERT INTO PRESENZA(CF_DIP,DATA_E_ORA_INIZIO,DATA_E_ORA_FINE) VALUES('0000000000000001',TO_DATE('22-05-2018 09:00:00','dd-mm-yyyy hh24:mi:ss'),TO_DATE('22-05-2018 18:00:00','dd-mm-yyyy hh24:mi:ss'));
INSERT INTO PRESENZA(CF_DIP,DATA_E_ORA_INIZIO,DATA_E_ORA_FINE) VALUES('0000000000000001',TO_DATE('23-05-2018 09:00:00','dd-mm-yyyy hh24:mi:ss'),TO_DATE('23-05-2018 18:00:00','dd-mm-yyyy hh24:mi:ss'));
INSERT INTO PRESENZA(CF_DIP,DATA_E_ORA_INIZIO,DATA_E_ORA_FINE) VALUES('0000000000000001',TO_DATE('24-05-2018 09:00:00','dd-mm-yyyy hh24:mi:ss'),TO_DATE('24-05-2018 16:00:00','dd-mm-yyyy hh24:mi:ss'));
INSERT INTO PRESENZA(CF_DIP,DATA_E_ORA_INIZIO,DATA_E_ORA_FINE) VALUES('0000000000000001',TO_DATE('26-05-2018 09:00:00','dd-mm-yyyy hh24:mi:ss'),TO_DATE('26-05-2018 16:00:00','dd-mm-yyyy hh24:mi:ss'));
INSERT INTO PRESENZA(CF_DIP,DATA_E_ORA_INIZIO,DATA_E_ORA_FINE) VALUES('0000000000000001',TO_DATE('28-05-2018 09:00:00','dd-mm-yyyy hh24:mi:ss'),TO_DATE('28-05-2018 18:00:00','dd-mm-yyyy hh24:mi:ss'));
INSERT INTO PRESENZA(CF_DIP,DATA_E_ORA_INIZIO,DATA_E_ORA_FINE) VALUES('0000000000000001',TO_DATE('29-05-2018 09:00:00','dd-mm-yyyy hh24:mi:ss'),TO_DATE('29-05-2018 18:00:00','dd-mm-yyyy hh24:mi:ss'));
INSERT INTO PRESENZA(CF_DIP,DATA_E_ORA_INIZIO,DATA_E_ORA_FINE) VALUES('0000000000000001',TO_DATE('30-05-2018 09:00:00','dd-mm-yyyy hh24:mi:ss'),TO_DATE('30-05-2018 18:00:00','dd-mm-yyyy hh24:mi:ss'));
INSERT INTO PRESENZA(CF_DIP,DATA_E_ORA_INIZIO,DATA_E_ORA_FINE) VALUES('0000000000000001',TO_DATE('31-05-2018 09:00:00','dd-mm-yyyy hh24:mi:ss'),TO_DATE('31-05-2018 18:00:00','dd-mm-yyyy hh24:mi:ss'));
INSERT INTO PRESENZA(CF_DIP,DATA_E_ORA_INIZIO,DATA_E_ORA_FINE) VALUES('0000000000000001',TO_DATE('01-06-2018 09:00:00','dd-mm-yyyy hh24:mi:ss'),TO_DATE('01-06-2018 18:00:00','dd-mm-yyyy hh24:mi:ss'));
INSERT INTO PRESENZA(CF_DIP,DATA_E_ORA_INIZIO,DATA_E_ORA_FINE) VALUES('0000000000000001',TO_DATE('02-06-2018 09:00:00','dd-mm-yyyy hh24:mi:ss'),TO_DATE('02-06-2018 16:00:00','dd-mm-yyyy hh24:mi:ss'));
INSERT INTO PRESENZA(CF_DIP,DATA_E_ORA_INIZIO,DATA_E_ORA_FINE) VALUES('0000000000000001',TO_DATE('04-06-2018 09:00:00','dd-mm-yyyy hh24:mi:ss'),TO_DATE('04-06-2018 18:00:00','dd-mm-yyyy hh24:mi:ss'));
INSERT INTO PRESENZA(CF_DIP,DATA_E_ORA_INIZIO,DATA_E_ORA_FINE) VALUES('0000000000000001',TO_DATE('05-06-2018 09:00:00','dd-mm-yyyy hh24:mi:ss'),TO_DATE('05-06-2018 18:00:00','dd-mm-yyyy hh24:mi:ss'));
INSERT INTO PRESENZA(CF_DIP,DATA_E_ORA_INIZIO,DATA_E_ORA_FINE) VALUES('0000000000000001',TO_DATE('06-06-2018 09:00:00','dd-mm-yyyy hh24:mi:ss'),TO_DATE('06-06-2018 18:00:00','dd-mm-yyyy hh24:mi:ss'));
INSERT INTO PRESENZA(CF_DIP,DATA_E_ORA_INIZIO,DATA_E_ORA_FINE) VALUES('0000000000000001',TO_DATE('07-06-2018 09:00:00','dd-mm-yyyy hh24:mi:ss'),TO_DATE('07-06-2018 18:00:00','dd-mm-yyyy hh24:mi:ss'));
INSERT INTO PRESENZA(CF_DIP,DATA_E_ORA_INIZIO,DATA_E_ORA_FINE) VALUES('0000000000000001',TO_DATE('08-06-2018 09:00:00','dd-mm-yyyy hh24:mi:ss'),TO_DATE('08-06-2018 18:00:00','dd-mm-yyyy hh24:mi:ss')); 
INSERT INTO PRESENZA(CF_DIP,DATA_E_ORA_INIZIO,DATA_E_ORA_FINE) VALUES('0000000000000001',TO_DATE('09-06-2018 09:00:00','dd-mm-yyyy hh24:mi:ss'),TO_DATE('09-06-2018 16:00:00','dd-mm-yyyy hh24:mi:ss')); 
INSERT INTO PRESENZA(CF_DIP,DATA_E_ORA_INIZIO,DATA_E_ORA_FINE) VALUES('0000000000000001',TO_DATE('11-06-2018 09:00:00','dd-mm-yyyy hh24:mi:ss'),TO_DATE('11-06-2018 18:00:00','dd-mm-yyyy hh24:mi:ss'));
INSERT INTO PRESENZA(CF_DIP,DATA_E_ORA_INIZIO,DATA_E_ORA_FINE) VALUES('0000000000000001',TO_DATE('12-06-2018 09:00:00','dd-mm-yyyy hh24:mi:ss'),TO_DATE('12-06-2018 14:00:00','dd-mm-yyyy hh24:mi:ss'));
INSERT INTO PRESENZA(CF_DIP,DATA_E_ORA_INIZIO,DATA_E_ORA_FINE) VALUES('0000000000000001',TO_DATE('13-06-2018 09:00:00','dd-mm-yyyy hh24:mi:ss'),TO_DATE('13-06-2018 18:00:00','dd-mm-yyyy hh24:mi:ss'));
INSERT INTO PRESENZA(CF_DIP,DATA_E_ORA_INIZIO,DATA_E_ORA_FINE) VALUES('0000000000000001',TO_DATE('14-06-2018 09:00:00','dd-mm-yyyy hh24:mi:ss'),TO_DATE('14-06-2018 18:00:00','dd-mm-yyyy hh24:mi:ss'));
INSERT INTO PRESENZA(CF_DIP,DATA_E_ORA_INIZIO,DATA_E_ORA_FINE) VALUES('0000000000000001',TO_DATE('15-06-2018 09:00:00','dd-mm-yyyy hh24:mi:ss'),TO_DATE('15-06-2018 18:00:00','dd-mm-yyyy hh24:mi:ss'));
INSERT INTO PRESENZA(CF_DIP,DATA_E_ORA_INIZIO,DATA_E_ORA_FINE) VALUES('0000000000000001',TO_DATE('16-06-2018 09:00:00','dd-mm-yyyy hh24:mi:ss'),TO_DATE('16-06-2018 16:00:00','dd-mm-yyyy hh24:mi:ss'));
INSERT INTO PRESENZA(CF_DIP,DATA_E_ORA_INIZIO,DATA_E_ORA_FINE) VALUES('0000000000000001',TO_DATE('18-06-2018 09:00:00','dd-mm-yyyy hh24:mi:ss'),TO_DATE('18-06-2018 18:00:00','dd-mm-yyyy hh24:mi:ss'));
INSERT INTO PRESENZA(CF_DIP,DATA_E_ORA_INIZIO,DATA_E_ORA_FINE) VALUES('0000000000000001',TO_DATE('19-06-2018 09:00:00','dd-mm-yyyy hh24:mi:ss'),TO_DATE('19-06-2018 18:00:00','dd-mm-yyyy hh24:mi:ss'));
INSERT INTO PRESENZA(CF_DIP,DATA_E_ORA_INIZIO,DATA_E_ORA_FINE) VALUES('0000000000000001',TO_DATE('20-06-2018 09:00:00','dd-mm-yyyy hh24:mi:ss'),TO_DATE('20-06-2018 18:00:00','dd-mm-yyyy hh24:mi:ss'));
INSERT INTO PRESENZA(CF_DIP,DATA_E_ORA_INIZIO,DATA_E_ORA_FINE) VALUES('0000000000000001',TO_DATE('21-06-2018 09:00:00','dd-mm-yyyy hh24:mi:ss'),TO_DATE('21-06-2018 18:00:00','dd-mm-yyyy hh24:mi:ss'));
INSERT INTO PRESENZA(CF_DIP,DATA_E_ORA_INIZIO,DATA_E_ORA_FINE) VALUES('0000000000000001',TO_DATE('22-06-2018 09:00:00','dd-mm-yyyy hh24:mi:ss'),TO_DATE('22-06-2018 18:00:00','dd-mm-yyyy hh24:mi:ss'));
INSERT INTO PRESENZA(CF_DIP,DATA_E_ORA_INIZIO,DATA_E_ORA_FINE) VALUES('0000000000000001',TO_DATE('23-06-2018 09:00:00','dd-mm-yyyy hh24:mi:ss'),TO_DATE('23-06-2018 16:00:00','dd-mm-yyyy hh24:mi:ss'));
INSERT INTO PRESENZA(CF_DIP,DATA_E_ORA_INIZIO,DATA_E_ORA_FINE) VALUES('0000000000000001',TO_DATE('25-06-2018 09:00:00','dd-mm-yyyy hh24:mi:ss'),TO_DATE('25-06-2018 11:00:00','dd-mm-yyyy hh24:mi:ss'));
INSERT INTO PRESENZA(CF_DIP,DATA_E_ORA_INIZIO,DATA_E_ORA_FINE) VALUES('0000000000000001',TO_DATE('26-06-2018 09:00:00','dd-mm-yyyy hh24:mi:ss'),TO_DATE('26-06-2018 18:00:00','dd-mm-yyyy hh24:mi:ss'));
INSERT INTO PRESENZA(CF_DIP,DATA_E_ORA_INIZIO,DATA_E_ORA_FINE) VALUES('0000000000000001',TO_DATE('27-06-2018 09:00:00','dd-mm-yyyy hh24:mi:ss'),TO_DATE('27-06-2018 18:00:00','dd-mm-yyyy hh24:mi:ss'));
INSERT INTO PRESENZA(CF_DIP,DATA_E_ORA_INIZIO,DATA_E_ORA_FINE) VALUES('0000000000000001',TO_DATE('28-06-2018 09:00:00','dd-mm-yyyy hh24:mi:ss'),TO_DATE('28-06-2018 18:00:00','dd-mm-yyyy hh24:mi:ss'));
INSERT INTO PRESENZA(CF_DIP,DATA_E_ORA_INIZIO,DATA_E_ORA_FINE) VALUES('0000000000000001',TO_DATE('29-06-2018 09:00:00','dd-mm-yyyy hh24:mi:ss'),TO_DATE('29-06-2018 18:00:00','dd-mm-yyyy hh24:mi:ss'));
INSERT INTO PRESENZA(CF_DIP,DATA_E_ORA_INIZIO,DATA_E_ORA_FINE) VALUES('0000000000000001',TO_DATE('30-06-2018 09:00:00','dd-mm-yyyy hh24:mi:ss'),TO_DATE('30-06-2018 18:00:00','dd-mm-yyyy hh24:mi:ss'));
INSERT INTO PRESENZA(CF_DIP,DATA_E_ORA_INIZIO,DATA_E_ORA_FINE) VALUES('0000000000000001',TO_DATE('02-07-2018 09:00:00','dd-mm-yyyy hh24:mi:ss'),TO_DATE('02-07-2018 18:00:00','dd-mm-yyyy hh24:mi:ss'));
INSERT INTO PRESENZA(CF_DIP,DATA_E_ORA_INIZIO,DATA_E_ORA_FINE) VALUES('0000000000000001',TO_DATE('03-07-2018 09:00:00','dd-mm-yyyy hh24:mi:ss'),TO_DATE('03-07-2018 18:00:00','dd-mm-yyyy hh24:mi:ss'));
INSERT INTO PRESENZA(CF_DIP,DATA_E_ORA_INIZIO,DATA_E_ORA_FINE) VALUES('0000000000000001',TO_DATE('04-07-2018 09:00:00','dd-mm-yyyy hh24:mi:ss'),TO_DATE('04-07-2018 18:00:00','dd-mm-yyyy hh24:mi:ss'));
INSERT INTO PRESENZA(CF_DIP,DATA_E_ORA_INIZIO,DATA_E_ORA_FINE) VALUES('0000000000000001',TO_DATE('05-07-2018 09:00:00','dd-mm-yyyy hh24:mi:ss'),TO_DATE('05-07-2018 18:00:00','dd-mm-yyyy hh24:mi:ss'));
INSERT INTO PRESENZA(CF_DIP,DATA_E_ORA_INIZIO,DATA_E_ORA_FINE) VALUES('0000000000000001',TO_DATE('06-07-2018 09:00:00','dd-mm-yyyy hh24:mi:ss'),TO_DATE('06-07-2018 18:00:00','dd-mm-yyyy hh24:mi:ss'));
INSERT INTO PRESENZA(CF_DIP,DATA_E_ORA_INIZIO,DATA_E_ORA_FINE) VALUES('0000000000000001',TO_DATE('07-07-2018 09:00:00','dd-mm-yyyy hh24:mi:ss'),TO_DATE('07-07-2018 17:00:00','dd-mm-yyyy hh24:mi:ss'));
INSERT INTO PRESENZA(CF_DIP,DATA_E_ORA_INIZIO,DATA_E_ORA_FINE) VALUES('0000000000000001',TO_DATE('09-07-2018 09:00:00','dd-mm-yyyy hh24:mi:ss'),TO_DATE('09-07-2018 18:00:00','dd-mm-yyyy hh24:mi:ss'));
INSERT INTO PRESENZA(CF_DIP,DATA_E_ORA_INIZIO,DATA_E_ORA_FINE) VALUES('0000000000000001',TO_DATE('10-07-2018 09:00:00','dd-mm-yyyy hh24:mi:ss'),TO_DATE('10-07-2018 18:00:00','dd-mm-yyyy hh24:mi:ss'));
INSERT INTO PRESENZA(CF_DIP,DATA_E_ORA_INIZIO,DATA_E_ORA_FINE) VALUES('0000000000000001',TO_DATE('11-07-2018 09:00:00','dd-mm-yyyy hh24:mi:ss'),TO_DATE('11-07-2018 18:00:00','dd-mm-yyyy hh24:mi:ss'));
INSERT INTO PRESENZA(CF_DIP,DATA_E_ORA_INIZIO,DATA_E_ORA_FINE) VALUES('0000000000000001',TO_DATE('12-07-2018 09:00:00','dd-mm-yyyy hh24:mi:ss'),TO_DATE('12-07-2018 18:00:00','dd-mm-yyyy hh24:mi:ss'));
INSERT INTO PRESENZA(CF_DIP,DATA_E_ORA_INIZIO,DATA_E_ORA_FINE) VALUES('0000000000000001',TO_DATE('13-07-2018 09:00:00','dd-mm-yyyy hh24:mi:ss'),TO_DATE('13-07-2018 18:00:00','dd-mm-yyyy hh24:mi:ss'));
INSERT INTO PRESENZA(CF_DIP,DATA_E_ORA_INIZIO,DATA_E_ORA_FINE) VALUES('0000000000000001',TO_DATE('14-07-2018 09:00:00','dd-mm-yyyy hh24:mi:ss'),TO_DATE('14-07-2018 18:00:00','dd-mm-yyyy hh24:mi:ss'));
INSERT INTO PRESENZA(CF_DIP,DATA_E_ORA_INIZIO,DATA_E_ORA_FINE) VALUES('0000000000000001',TO_DATE('16-07-2018 09:00:00','dd-mm-yyyy hh24:mi:ss'),TO_DATE('16-07-2018 18:00:00','dd-mm-yyyy hh24:mi:ss'));
INSERT INTO PRESENZA(CF_DIP,DATA_E_ORA_INIZIO,DATA_E_ORA_FINE) VALUES('0000000000000001',TO_DATE('17-07-2018 09:00:00','dd-mm-yyyy hh24:mi:ss'),TO_DATE('17-07-2018 18:00:00','dd-mm-yyyy hh24:mi:ss'));
INSERT INTO PRESENZA(CF_DIP,DATA_E_ORA_INIZIO,DATA_E_ORA_FINE) VALUES('0000000000000001',TO_DATE('18-07-2018 09:00:00','dd-mm-yyyy hh24:mi:ss'),TO_DATE('18-07-2018 18:00:00','dd-mm-yyyy hh24:mi:ss'));
INSERT INTO PRESENZA(CF_DIP,DATA_E_ORA_INIZIO,DATA_E_ORA_FINE) VALUES('0000000000000001',TO_DATE('20-07-2018 09:00:00','dd-mm-yyyy hh24:mi:ss'),TO_DATE('20-07-2018 18:00:00','dd-mm-yyyy hh24:mi:ss'));
INSERT INTO PRESENZA(CF_DIP,DATA_E_ORA_INIZIO,DATA_E_ORA_FINE) VALUES('0000000000000001',TO_DATE('21-07-2018 09:00:00','dd-mm-yyyy hh24:mi:ss'),TO_DATE('21-07-2018 18:00:00','dd-mm-yyyy hh24:mi:ss'));
INSERT INTO PRESENZA(CF_DIP,DATA_E_ORA_INIZIO,DATA_E_ORA_FINE) VALUES('0000000000000001',TO_DATE('23-07-2018 09:00:00','dd-mm-yyyy hh24:mi:ss'),TO_DATE('23-07-2018 18:00:00','dd-mm-yyyy hh24:mi:ss'));
INSERT INTO PRESENZA(CF_DIP,DATA_E_ORA_INIZIO,DATA_E_ORA_FINE) VALUES('0000000000000001',TO_DATE('24-07-2018 09:00:00','dd-mm-yyyy hh24:mi:ss'),TO_DATE('24-07-2018 18:00:00','dd-mm-yyyy hh24:mi:ss'));
INSERT INTO PRESENZA(CF_DIP,DATA_E_ORA_INIZIO,DATA_E_ORA_FINE) VALUES('0000000000000001',TO_DATE('25-07-2018 09:00:00','dd-mm-yyyy hh24:mi:ss'),TO_DATE('25-07-2018 18:00:00','dd-mm-yyyy hh24:mi:ss'));
INSERT INTO PRESENZA(CF_DIP,DATA_E_ORA_INIZIO,DATA_E_ORA_FINE) VALUES('0000000000000001',TO_DATE('26-07-2018 09:00:00','dd-mm-yyyy hh24:mi:ss'),TO_DATE('26-07-2018 18:00:00','dd-mm-yyyy hh24:mi:ss'));
INSERT INTO PRESENZA(CF_DIP,DATA_E_ORA_INIZIO,DATA_E_ORA_FINE) VALUES('0000000000000001',TO_DATE('27-07-2018 09:00:00','dd-mm-yyyy hh24:mi:ss'),TO_DATE('27-07-2018 18:00:00','dd-mm-yyyy hh24:mi:ss'));
INSERT INTO PRESENZA(CF_DIP,DATA_E_ORA_INIZIO,DATA_E_ORA_FINE) VALUES('0000000000000001',TO_DATE('28-07-2018 09:00:00','dd-mm-yyyy hh24:mi:ss'),TO_DATE('28-07-2018 18:00:00','dd-mm-yyyy hh24:mi:ss'));
INSERT INTO PRESENZA(CF_DIP,DATA_E_ORA_INIZIO,DATA_E_ORA_FINE) VALUES('0000000000000001',TO_DATE('30-07-2018 09:00:00','dd-mm-yyyy hh24:mi:ss'),TO_DATE('30-07-2018 18:00:00','dd-mm-yyyy hh24:mi:ss'));
INSERT INTO PRESENZA(CF_DIP,DATA_E_ORA_INIZIO,DATA_E_ORA_FINE) VALUES('0000000000000001',TO_DATE('31-07-2018 09:00:00','dd-mm-yyyy hh24:mi:ss'),TO_DATE('31-07-2018 18:00:00','dd-mm-yyyy hh24:mi:ss'));

INSERT INTO PERSONA(CODICE_FISCALE,NOME,COGNOME,DATA_NASCITA,SESSO) VALUES('0000000000000002','GIOVANNA','VITAGLIANO',TO_DATE('07/01/1999','DD/MM/YYYY'),'F');
INSERT INTO DIPENDENTE(CF,DATA_ASSUNZIONE,STIPENDIO) VALUES('0000000000000002',TO_DATE('18/05/2018','DD/MM/YYYY'),600);
INSERT INTO TELEFONOPERSONA(CF,TELEFONO) VALUES ('0000000000000002','3330000002');
INSERT INTO PRESENZA(CF_DIP,DATA_E_ORA_INIZIO,DATA_E_ORA_FINE) VALUES('0000000000000002',TO_DATE('19-05-2018 09:00:00','dd-mm-yyyy hh24:mi:ss'),TO_DATE('19-05-2018 18:00:00','dd-mm-yyyy hh24:mi:ss'));
INSERT INTO PRESENZA(CF_DIP,DATA_E_ORA_INIZIO,DATA_E_ORA_FINE) VALUES('0000000000000002',TO_DATE('21-05-2018 09:00:00','dd-mm-yyyy hh24:mi:ss'),TO_DATE('21-05-2018 18:00:00','dd-mm-yyyy hh24:mi:ss'));
INSERT INTO PRESENZA(CF_DIP,DATA_E_ORA_INIZIO,DATA_E_ORA_FINE) VALUES('0000000000000002',TO_DATE('22-05-2018 09:00:00','dd-mm-yyyy hh24:mi:ss'),TO_DATE('22-05-2018 18:00:00','dd-mm-yyyy hh24:mi:ss'));
INSERT INTO PRESENZA(CF_DIP,DATA_E_ORA_INIZIO,DATA_E_ORA_FINE) VALUES('0000000000000002',TO_DATE('23-05-2018 09:00:00','dd-mm-yyyy hh24:mi:ss'),TO_DATE('23-05-2018 18:00:00','dd-mm-yyyy hh24:mi:ss'));
INSERT INTO PRESENZA(CF_DIP,DATA_E_ORA_INIZIO,DATA_E_ORA_FINE) VALUES('0000000000000002',TO_DATE('24-05-2018 09:00:00','dd-mm-yyyy hh24:mi:ss'),TO_DATE('24-05-2018 16:00:00','dd-mm-yyyy hh24:mi:ss'));
INSERT INTO PRESENZA(CF_DIP,DATA_E_ORA_INIZIO,DATA_E_ORA_FINE) VALUES('0000000000000002',TO_DATE('26-05-2018 09:00:00','dd-mm-yyyy hh24:mi:ss'),TO_DATE('26-05-2018 17:00:00','dd-mm-yyyy hh24:mi:ss'));
INSERT INTO PRESENZA(CF_DIP,DATA_E_ORA_INIZIO,DATA_E_ORA_FINE) VALUES('0000000000000002',TO_DATE('28-05-2018 09:00:00','dd-mm-yyyy hh24:mi:ss'),TO_DATE('28-05-2018 18:00:00','dd-mm-yyyy hh24:mi:ss'));
INSERT INTO PRESENZA(CF_DIP,DATA_E_ORA_INIZIO,DATA_E_ORA_FINE) VALUES('0000000000000002',TO_DATE('29-05-2018 09:00:00','dd-mm-yyyy hh24:mi:ss'),TO_DATE('29-05-2018 18:00:00','dd-mm-yyyy hh24:mi:ss'));
INSERT INTO PRESENZA(CF_DIP,DATA_E_ORA_INIZIO,DATA_E_ORA_FINE) VALUES('0000000000000002',TO_DATE('30-05-2018 09:00:00','dd-mm-yyyy hh24:mi:ss'),TO_DATE('30-05-2018 18:00:00','dd-mm-yyyy hh24:mi:ss'));
INSERT INTO PRESENZA(CF_DIP,DATA_E_ORA_INIZIO,DATA_E_ORA_FINE) VALUES('0000000000000002',TO_DATE('31-05-2018 09:00:00','dd-mm-yyyy hh24:mi:ss'),TO_DATE('31-05-2018 18:00:00','dd-mm-yyyy hh24:mi:ss'));
INSERT INTO PRESENZA(CF_DIP,DATA_E_ORA_INIZIO,DATA_E_ORA_FINE) VALUES('0000000000000002',TO_DATE('01-06-2018 09:00:00','dd-mm-yyyy hh24:mi:ss'),TO_DATE('01-06-2018 18:00:00','dd-mm-yyyy hh24:mi:ss'));
INSERT INTO PRESENZA(CF_DIP,DATA_E_ORA_INIZIO,DATA_E_ORA_FINE) VALUES('0000000000000002',TO_DATE('02-06-2018 09:00:00','dd-mm-yyyy hh24:mi:ss'),TO_DATE('02-06-2018 16:00:00','dd-mm-yyyy hh24:mi:ss'));
INSERT INTO PRESENZA(CF_DIP,DATA_E_ORA_INIZIO,DATA_E_ORA_FINE) VALUES('0000000000000002',TO_DATE('04-06-2018 09:00:00','dd-mm-yyyy hh24:mi:ss'),TO_DATE('04-06-2018 18:00:00','dd-mm-yyyy hh24:mi:ss'));
INSERT INTO PRESENZA(CF_DIP,DATA_E_ORA_INIZIO,DATA_E_ORA_FINE) VALUES('0000000000000002',TO_DATE('05-06-2018 09:00:00','dd-mm-yyyy hh24:mi:ss'),TO_DATE('05-06-2018 18:00:00','dd-mm-yyyy hh24:mi:ss'));
INSERT INTO PRESENZA(CF_DIP,DATA_E_ORA_INIZIO,DATA_E_ORA_FINE) VALUES('0000000000000002',TO_DATE('06-06-2018 09:00:00','dd-mm-yyyy hh24:mi:ss'),TO_DATE('06-06-2018 18:00:00','dd-mm-yyyy hh24:mi:ss'));
INSERT INTO PRESENZA(CF_DIP,DATA_E_ORA_INIZIO,DATA_E_ORA_FINE) VALUES('0000000000000002',TO_DATE('07-06-2018 09:00:00','dd-mm-yyyy hh24:mi:ss'),TO_DATE('07-06-2018 18:00:00','dd-mm-yyyy hh24:mi:ss'));
INSERT INTO PRESENZA(CF_DIP,DATA_E_ORA_INIZIO,DATA_E_ORA_FINE) VALUES('0000000000000002',TO_DATE('08-06-2018 09:00:00','dd-mm-yyyy hh24:mi:ss'),TO_DATE('08-06-2018 18:00:00','dd-mm-yyyy hh24:mi:ss'));
INSERT INTO PRESENZA(CF_DIP,DATA_E_ORA_INIZIO,DATA_E_ORA_FINE) VALUES('0000000000000002',TO_DATE('09-06-2018 09:00:00','dd-mm-yyyy hh24:mi:ss'),TO_DATE('09-06-2018 18:00:00','dd-mm-yyyy hh24:mi:ss'));
INSERT INTO PRESENZA(CF_DIP,DATA_E_ORA_INIZIO,DATA_E_ORA_FINE) VALUES('0000000000000002',TO_DATE('11-06-2018 09:00:00','dd-mm-yyyy hh24:mi:ss'),TO_DATE('11-06-2018 18:00:00','dd-mm-yyyy hh24:mi:ss'));
INSERT INTO PRESENZA(CF_DIP,DATA_E_ORA_INIZIO,DATA_E_ORA_FINE) VALUES('0000000000000002',TO_DATE('12-06-2018 09:00:00','dd-mm-yyyy hh24:mi:ss'),TO_DATE('12-06-2018 15:00:00','dd-mm-yyyy hh24:mi:ss'));
INSERT INTO PRESENZA(CF_DIP,DATA_E_ORA_INIZIO,DATA_E_ORA_FINE) VALUES('0000000000000002',TO_DATE('13-06-2018 09:00:00','dd-mm-yyyy hh24:mi:ss'),TO_DATE('13-06-2018 18:00:00','dd-mm-yyyy hh24:mi:ss'));
INSERT INTO PRESENZA(CF_DIP,DATA_E_ORA_INIZIO,DATA_E_ORA_FINE) VALUES('0000000000000002',TO_DATE('14-06-2018 09:00:00','dd-mm-yyyy hh24:mi:ss'),TO_DATE('14-06-2018 18:00:00','dd-mm-yyyy hh24:mi:ss'));
INSERT INTO PRESENZA(CF_DIP,DATA_E_ORA_INIZIO,DATA_E_ORA_FINE) VALUES('0000000000000002',TO_DATE('15-06-2018 09:00:00','dd-mm-yyyy hh24:mi:ss'),TO_DATE('15-06-2018 18:00:00','dd-mm-yyyy hh24:mi:ss'));
INSERT INTO PRESENZA(CF_DIP,DATA_E_ORA_INIZIO,DATA_E_ORA_FINE) VALUES('0000000000000002',TO_DATE('16-06-2018 09:00:00','dd-mm-yyyy hh24:mi:ss'),TO_DATE('16-06-2018 16:00:00','dd-mm-yyyy hh24:mi:ss'));
INSERT INTO PRESENZA(CF_DIP,DATA_E_ORA_INIZIO,DATA_E_ORA_FINE) VALUES('0000000000000002',TO_DATE('18-06-2018 09:00:00','dd-mm-yyyy hh24:mi:ss'),TO_DATE('18-06-2018 18:00:00','dd-mm-yyyy hh24:mi:ss'));
INSERT INTO PRESENZA(CF_DIP,DATA_E_ORA_INIZIO,DATA_E_ORA_FINE) VALUES('0000000000000002',TO_DATE('19-06-2018 09:00:00','dd-mm-yyyy hh24:mi:ss'),TO_DATE('19-06-2018 18:00:00','dd-mm-yyyy hh24:mi:ss'));
INSERT INTO PRESENZA(CF_DIP,DATA_E_ORA_INIZIO,DATA_E_ORA_FINE) VALUES('0000000000000002',TO_DATE('20-06-2018 09:00:00','dd-mm-yyyy hh24:mi:ss'),TO_DATE('20-06-2018 18:00:00','dd-mm-yyyy hh24:mi:ss'));
INSERT INTO PRESENZA(CF_DIP,DATA_E_ORA_INIZIO,DATA_E_ORA_FINE) VALUES('0000000000000002',TO_DATE('21-06-2018 09:00:00','dd-mm-yyyy hh24:mi:ss'),TO_DATE('21-06-2018 18:00:00','dd-mm-yyyy hh24:mi:ss'));
INSERT INTO PRESENZA(CF_DIP,DATA_E_ORA_INIZIO,DATA_E_ORA_FINE) VALUES('0000000000000002',TO_DATE('22-06-2018 09:00:00','dd-mm-yyyy hh24:mi:ss'),TO_DATE('22-06-2018 18:00:00','dd-mm-yyyy hh24:mi:ss'));
INSERT INTO PRESENZA(CF_DIP,DATA_E_ORA_INIZIO,DATA_E_ORA_FINE) VALUES('0000000000000002',TO_DATE('23-06-2018 09:00:00','dd-mm-yyyy hh24:mi:ss'),TO_DATE('23-06-2018 17:00:00','dd-mm-yyyy hh24:mi:ss'));
INSERT INTO PRESENZA(CF_DIP,DATA_E_ORA_INIZIO,DATA_E_ORA_FINE) VALUES('0000000000000002',TO_DATE('25-06-2018 09:00:00','dd-mm-yyyy hh24:mi:ss'),TO_DATE('25-06-2018 15:00:00','dd-mm-yyyy hh24:mi:ss'));
INSERT INTO PRESENZA(CF_DIP,DATA_E_ORA_INIZIO,DATA_E_ORA_FINE) VALUES('0000000000000002',TO_DATE('26-06-2018 09:00:00','dd-mm-yyyy hh24:mi:ss'),TO_DATE('26-06-2018 18:00:00','dd-mm-yyyy hh24:mi:ss'));
INSERT INTO PRESENZA(CF_DIP,DATA_E_ORA_INIZIO,DATA_E_ORA_FINE) VALUES('0000000000000002',TO_DATE('27-06-2018 09:00:00','dd-mm-yyyy hh24:mi:ss'),TO_DATE('27-06-2018 18:00:00','dd-mm-yyyy hh24:mi:ss'));
INSERT INTO PRESENZA(CF_DIP,DATA_E_ORA_INIZIO,DATA_E_ORA_FINE) VALUES('0000000000000002',TO_DATE('28-06-2018 09:00:00','dd-mm-yyyy hh24:mi:ss'),TO_DATE('28-06-2018 18:00:00','dd-mm-yyyy hh24:mi:ss'));
INSERT INTO PRESENZA(CF_DIP,DATA_E_ORA_INIZIO,DATA_E_ORA_FINE) VALUES('0000000000000002',TO_DATE('29-06-2018 09:00:00','dd-mm-yyyy hh24:mi:ss'),TO_DATE('29-06-2018 18:00:00','dd-mm-yyyy hh24:mi:ss'));
INSERT INTO PRESENZA(CF_DIP,DATA_E_ORA_INIZIO,DATA_E_ORA_FINE) VALUES('0000000000000002',TO_DATE('30-06-2018 09:00:00','dd-mm-yyyy hh24:mi:ss'),TO_DATE('30-06-2018 18:00:00','dd-mm-yyyy hh24:mi:ss'));
INSERT INTO PRESENZA(CF_DIP,DATA_E_ORA_INIZIO,DATA_E_ORA_FINE) VALUES('0000000000000002',TO_DATE('02-07-2018 09:00:00','dd-mm-yyyy hh24:mi:ss'),TO_DATE('02-07-2018 18:00:00','dd-mm-yyyy hh24:mi:ss'));
INSERT INTO PRESENZA(CF_DIP,DATA_E_ORA_INIZIO,DATA_E_ORA_FINE) VALUES('0000000000000002',TO_DATE('03-07-2018 09:00:00','dd-mm-yyyy hh24:mi:ss'),TO_DATE('03-07-2018 18:00:00','dd-mm-yyyy hh24:mi:ss'));
INSERT INTO PRESENZA(CF_DIP,DATA_E_ORA_INIZIO,DATA_E_ORA_FINE) VALUES('0000000000000002',TO_DATE('04-07-2018 09:00:00','dd-mm-yyyy hh24:mi:ss'),TO_DATE('04-07-2018 18:00:00','dd-mm-yyyy hh24:mi:ss'));
INSERT INTO PRESENZA(CF_DIP,DATA_E_ORA_INIZIO,DATA_E_ORA_FINE) VALUES('0000000000000002',TO_DATE('05-07-2018 09:00:00','dd-mm-yyyy hh24:mi:ss'),TO_DATE('05-07-2018 18:00:00','dd-mm-yyyy hh24:mi:ss'));
INSERT INTO PRESENZA(CF_DIP,DATA_E_ORA_INIZIO,DATA_E_ORA_FINE) VALUES('0000000000000002',TO_DATE('06-07-2018 09:00:00','dd-mm-yyyy hh24:mi:ss'),TO_DATE('06-07-2018 18:00:00','dd-mm-yyyy hh24:mi:ss'));
INSERT INTO PRESENZA(CF_DIP,DATA_E_ORA_INIZIO,DATA_E_ORA_FINE) VALUES('0000000000000002',TO_DATE('07-07-2018 09:00:00','dd-mm-yyyy hh24:mi:ss'),TO_DATE('07-07-2018 17:00:00','dd-mm-yyyy hh24:mi:ss'));
INSERT INTO PRESENZA(CF_DIP,DATA_E_ORA_INIZIO,DATA_E_ORA_FINE) VALUES('0000000000000002',TO_DATE('09-07-2018 09:00:00','dd-mm-yyyy hh24:mi:ss'),TO_DATE('09-07-2018 18:00:00','dd-mm-yyyy hh24:mi:ss'));
INSERT INTO PRESENZA(CF_DIP,DATA_E_ORA_INIZIO,DATA_E_ORA_FINE) VALUES('0000000000000002',TO_DATE('10-07-2018 09:00:00','dd-mm-yyyy hh24:mi:ss'),TO_DATE('10-07-2018 18:00:00','dd-mm-yyyy hh24:mi:ss'));
INSERT INTO PRESENZA(CF_DIP,DATA_E_ORA_INIZIO,DATA_E_ORA_FINE) VALUES('0000000000000002',TO_DATE('11-07-2018 09:00:00','dd-mm-yyyy hh24:mi:ss'),TO_DATE('11-07-2018 18:00:00','dd-mm-yyyy hh24:mi:ss'));
INSERT INTO PRESENZA(CF_DIP,DATA_E_ORA_INIZIO,DATA_E_ORA_FINE) VALUES('0000000000000002',TO_DATE('12-07-2018 09:00:00','dd-mm-yyyy hh24:mi:ss'),TO_DATE('12-07-2018 18:00:00','dd-mm-yyyy hh24:mi:ss'));
INSERT INTO PRESENZA(CF_DIP,DATA_E_ORA_INIZIO,DATA_E_ORA_FINE) VALUES('0000000000000002',TO_DATE('13-07-2018 09:00:00','dd-mm-yyyy hh24:mi:ss'),TO_DATE('13-07-2018 18:00:00','dd-mm-yyyy hh24:mi:ss'));
INSERT INTO PRESENZA(CF_DIP,DATA_E_ORA_INIZIO,DATA_E_ORA_FINE) VALUES('0000000000000002',TO_DATE('14-07-2018 09:00:00','dd-mm-yyyy hh24:mi:ss'),TO_DATE('14-07-2018 18:00:00','dd-mm-yyyy hh24:mi:ss'));
INSERT INTO PRESENZA(CF_DIP,DATA_E_ORA_INIZIO,DATA_E_ORA_FINE) VALUES('0000000000000002',TO_DATE('16-07-2018 09:00:00','dd-mm-yyyy hh24:mi:ss'),TO_DATE('16-07-2018 18:00:00','dd-mm-yyyy hh24:mi:ss'));
INSERT INTO PRESENZA(CF_DIP,DATA_E_ORA_INIZIO,DATA_E_ORA_FINE) VALUES('0000000000000002',TO_DATE('17-07-2018 09:00:00','dd-mm-yyyy hh24:mi:ss'),TO_DATE('17-07-2018 18:00:00','dd-mm-yyyy hh24:mi:ss'));
INSERT INTO PRESENZA(CF_DIP,DATA_E_ORA_INIZIO,DATA_E_ORA_FINE) VALUES('0000000000000002',TO_DATE('18-07-2018 09:00:00','dd-mm-yyyy hh24:mi:ss'),TO_DATE('18-07-2018 18:00:00','dd-mm-yyyy hh24:mi:ss'));
INSERT INTO PRESENZA(CF_DIP,DATA_E_ORA_INIZIO,DATA_E_ORA_FINE) VALUES('0000000000000002',TO_DATE('20-07-2018 09:00:00','dd-mm-yyyy hh24:mi:ss'),TO_DATE('20-07-2018 16:00:00','dd-mm-yyyy hh24:mi:ss'));
INSERT INTO PRESENZA(CF_DIP,DATA_E_ORA_INIZIO,DATA_E_ORA_FINE) VALUES('0000000000000002',TO_DATE('21-07-2018 09:00:00','dd-mm-yyyy hh24:mi:ss'),TO_DATE('21-07-2018 18:00:00','dd-mm-yyyy hh24:mi:ss'));
INSERT INTO PRESENZA(CF_DIP,DATA_E_ORA_INIZIO,DATA_E_ORA_FINE) VALUES('0000000000000002',TO_DATE('23-07-2018 09:00:00','dd-mm-yyyy hh24:mi:ss'),TO_DATE('23-07-2018 18:00:00','dd-mm-yyyy hh24:mi:ss'));
INSERT INTO PRESENZA(CF_DIP,DATA_E_ORA_INIZIO,DATA_E_ORA_FINE) VALUES('0000000000000002',TO_DATE('24-07-2018 09:00:00','dd-mm-yyyy hh24:mi:ss'),TO_DATE('24-07-2018 18:00:00','dd-mm-yyyy hh24:mi:ss')); 
INSERT INTO PRESENZA(CF_DIP,DATA_E_ORA_INIZIO,DATA_E_ORA_FINE) VALUES('0000000000000002',TO_DATE('25-07-2018 09:00:00','dd-mm-yyyy hh24:mi:ss'),TO_DATE('25-07-2018 14:00:00','dd-mm-yyyy hh24:mi:ss')); 
INSERT INTO PRESENZA(CF_DIP,DATA_E_ORA_INIZIO,DATA_E_ORA_FINE) VALUES('0000000000000002',TO_DATE('26-07-2018 09:00:00','dd-mm-yyyy hh24:mi:ss'),TO_DATE('26-07-2018 18:00:00','dd-mm-yyyy hh24:mi:ss'));
INSERT INTO PRESENZA(CF_DIP,DATA_E_ORA_INIZIO,DATA_E_ORA_FINE) VALUES('0000000000000002',TO_DATE('27-07-2018 09:00:00','dd-mm-yyyy hh24:mi:ss'),TO_DATE('27-07-2018 17:00:00','dd-mm-yyyy hh24:mi:ss'));
INSERT INTO PRESENZA(CF_DIP,DATA_E_ORA_INIZIO,DATA_E_ORA_FINE) VALUES('0000000000000002',TO_DATE('28-07-2018 09:00:00','dd-mm-yyyy hh24:mi:ss'),TO_DATE('28-07-2018 18:00:00','dd-mm-yyyy hh24:mi:ss'));
INSERT INTO PRESENZA(CF_DIP,DATA_E_ORA_INIZIO,DATA_E_ORA_FINE) VALUES('0000000000000002',TO_DATE('30-07-2018 09:00:00','dd-mm-yyyy hh24:mi:ss'),TO_DATE('30-07-2018 18:00:00','dd-mm-yyyy hh24:mi:ss'));
INSERT INTO PRESENZA(CF_DIP,DATA_E_ORA_INIZIO,DATA_E_ORA_FINE) VALUES('0000000000000002',TO_DATE('31-07-2018 09:00:00','dd-mm-yyyy hh24:mi:ss'),TO_DATE('31-07-2018 18:00:00','dd-mm-yyyy hh24:mi:ss'));

INSERT INTO PERSONA(CODICE_FISCALE,NOME,COGNOME,DATA_NASCITA,SESSO) VALUES('0000000000000003','RICCARDO','PONCIBONZI',TO_DATE('07/01/1984','DD/MM/YYYY'),'M');
INSERT INTO DIPENDENTE(CF,DATA_ASSUNZIONE,STIPENDIO) VALUES('0000000000000003',TO_DATE('11/06/2018','DD/MM/YYYY'),600);
INSERT INTO TELEFONOPERSONA(CF,TELEFONO) VALUES ('0000000000000003','3330000003');
INSERT INTO PRESENZA(CF_DIP,DATA_E_ORA_INIZIO,DATA_E_ORA_FINE) VALUES('0000000000000003',TO_DATE('12-06-2018 09:00:00','dd-mm-yyyy hh24:mi:ss'),TO_DATE('12-06-2018 15:00:00','dd-mm-yyyy hh24:mi:ss'));
INSERT INTO PRESENZA(CF_DIP,DATA_E_ORA_INIZIO,DATA_E_ORA_FINE) VALUES('0000000000000003',TO_DATE('13-06-2018 09:00:00','dd-mm-yyyy hh24:mi:ss'),TO_DATE('13-06-2018 16:00:00','dd-mm-yyyy hh24:mi:ss'));
INSERT INTO PRESENZA(CF_DIP,DATA_E_ORA_INIZIO,DATA_E_ORA_FINE) VALUES('0000000000000003',TO_DATE('14-06-2018 09:00:00','dd-mm-yyyy hh24:mi:ss'),TO_DATE('14-06-2018 14:00:00','dd-mm-yyyy hh24:mi:ss'));
INSERT INTO PRESENZA(CF_DIP,DATA_E_ORA_INIZIO,DATA_E_ORA_FINE) VALUES('0000000000000003',TO_DATE('15-06-2018 09:00:00','dd-mm-yyyy hh24:mi:ss'),TO_DATE('15-06-2018 18:00:00','dd-mm-yyyy hh24:mi:ss'));
INSERT INTO PRESENZA(CF_DIP,DATA_E_ORA_INIZIO,DATA_E_ORA_FINE) VALUES('0000000000000003',TO_DATE('16-06-2018 09:00:00','dd-mm-yyyy hh24:mi:ss'),TO_DATE('16-06-2018 16:00:00','dd-mm-yyyy hh24:mi:ss'));
INSERT INTO PRESENZA(CF_DIP,DATA_E_ORA_INIZIO,DATA_E_ORA_FINE) VALUES('0000000000000003',TO_DATE('18-06-2018 09:00:00','dd-mm-yyyy hh24:mi:ss'),TO_DATE('18-06-2018 18:00:00','dd-mm-yyyy hh24:mi:ss'));
INSERT INTO PRESENZA(CF_DIP,DATA_E_ORA_INIZIO,DATA_E_ORA_FINE) VALUES('0000000000000003',TO_DATE('19-06-2018 09:00:00','dd-mm-yyyy hh24:mi:ss'),TO_DATE('19-06-2018 18:00:00','dd-mm-yyyy hh24:mi:ss'));
INSERT INTO PRESENZA(CF_DIP,DATA_E_ORA_INIZIO,DATA_E_ORA_FINE) VALUES('0000000000000003',TO_DATE('20-06-2018 09:00:00','dd-mm-yyyy hh24:mi:ss'),TO_DATE('20-06-2018 18:00:00','dd-mm-yyyy hh24:mi:ss'));
INSERT INTO PRESENZA(CF_DIP,DATA_E_ORA_INIZIO,DATA_E_ORA_FINE) VALUES('0000000000000003',TO_DATE('21-06-2018 09:00:00','dd-mm-yyyy hh24:mi:ss'),TO_DATE('21-06-2018 18:00:00','dd-mm-yyyy hh24:mi:ss'));
INSERT INTO PRESENZA(CF_DIP,DATA_E_ORA_INIZIO,DATA_E_ORA_FINE) VALUES('0000000000000003',TO_DATE('22-06-2018 09:00:00','dd-mm-yyyy hh24:mi:ss'),TO_DATE('22-06-2018 18:00:00','dd-mm-yyyy hh24:mi:ss'));
INSERT INTO PRESENZA(CF_DIP,DATA_E_ORA_INIZIO,DATA_E_ORA_FINE) VALUES('0000000000000003',TO_DATE('23-06-2018 09:00:00','dd-mm-yyyy hh24:mi:ss'),TO_DATE('23-06-2018 17:00:00','dd-mm-yyyy hh24:mi:ss'));
INSERT INTO PRESENZA(CF_DIP,DATA_E_ORA_INIZIO,DATA_E_ORA_FINE) VALUES('0000000000000003',TO_DATE('25-06-2018 09:00:00','dd-mm-yyyy hh24:mi:ss'),TO_DATE('25-06-2018 15:00:00','dd-mm-yyyy hh24:mi:ss'));
INSERT INTO PRESENZA(CF_DIP,DATA_E_ORA_INIZIO,DATA_E_ORA_FINE) VALUES('0000000000000003',TO_DATE('26-06-2018 09:00:00','dd-mm-yyyy hh24:mi:ss'),TO_DATE('26-06-2018 18:00:00','dd-mm-yyyy hh24:mi:ss'));
INSERT INTO PRESENZA(CF_DIP,DATA_E_ORA_INIZIO,DATA_E_ORA_FINE) VALUES('0000000000000003',TO_DATE('27-06-2018 09:00:00','dd-mm-yyyy hh24:mi:ss'),TO_DATE('27-06-2018 18:00:00','dd-mm-yyyy hh24:mi:ss'));
INSERT INTO PRESENZA(CF_DIP,DATA_E_ORA_INIZIO,DATA_E_ORA_FINE) VALUES('0000000000000003',TO_DATE('28-06-2018 09:00:00','dd-mm-yyyy hh24:mi:ss'),TO_DATE('28-06-2018 18:00:00','dd-mm-yyyy hh24:mi:ss'));
INSERT INTO PRESENZA(CF_DIP,DATA_E_ORA_INIZIO,DATA_E_ORA_FINE) VALUES('0000000000000003',TO_DATE('29-06-2018 09:00:00','dd-mm-yyyy hh24:mi:ss'),TO_DATE('29-06-2018 18:00:00','dd-mm-yyyy hh24:mi:ss'));
INSERT INTO PRESENZA(CF_DIP,DATA_E_ORA_INIZIO,DATA_E_ORA_FINE) VALUES('0000000000000003',TO_DATE('30-06-2018 09:00:00','dd-mm-yyyy hh24:mi:ss'),TO_DATE('30-06-2018 18:00:00','dd-mm-yyyy hh24:mi:ss'));
INSERT INTO PRESENZA(CF_DIP,DATA_E_ORA_INIZIO,DATA_E_ORA_FINE) VALUES('0000000000000003',TO_DATE('02-07-2018 09:00:00','dd-mm-yyyy hh24:mi:ss'),TO_DATE('02-07-2018 18:00:00','dd-mm-yyyy hh24:mi:ss'));
INSERT INTO PRESENZA(CF_DIP,DATA_E_ORA_INIZIO,DATA_E_ORA_FINE) VALUES('0000000000000003',TO_DATE('03-07-2018 09:00:00','dd-mm-yyyy hh24:mi:ss'),TO_DATE('03-07-2018 18:00:00','dd-mm-yyyy hh24:mi:ss'));
INSERT INTO PRESENZA(CF_DIP,DATA_E_ORA_INIZIO,DATA_E_ORA_FINE) VALUES('0000000000000003',TO_DATE('04-07-2018 09:00:00','dd-mm-yyyy hh24:mi:ss'),TO_DATE('04-07-2018 16:00:00','dd-mm-yyyy hh24:mi:ss'));
INSERT INTO PRESENZA(CF_DIP,DATA_E_ORA_INIZIO,DATA_E_ORA_FINE) VALUES('0000000000000003',TO_DATE('05-07-2018 09:00:00','dd-mm-yyyy hh24:mi:ss'),TO_DATE('05-07-2018 18:00:00','dd-mm-yyyy hh24:mi:ss'));
INSERT INTO PRESENZA(CF_DIP,DATA_E_ORA_INIZIO,DATA_E_ORA_FINE) VALUES('0000000000000003',TO_DATE('06-07-2018 09:00:00','dd-mm-yyyy hh24:mi:ss'),TO_DATE('06-07-2018 18:00:00','dd-mm-yyyy hh24:mi:ss'));
INSERT INTO PRESENZA(CF_DIP,DATA_E_ORA_INIZIO,DATA_E_ORA_FINE) VALUES('0000000000000003',TO_DATE('07-07-2018 09:00:00','dd-mm-yyyy hh24:mi:ss'),TO_DATE('07-07-2018 18:00:00','dd-mm-yyyy hh24:mi:ss'));
INSERT INTO PRESENZA(CF_DIP,DATA_E_ORA_INIZIO,DATA_E_ORA_FINE) VALUES('0000000000000003',TO_DATE('09-07-2018 09:00:00','dd-mm-yyyy hh24:mi:ss'),TO_DATE('09-07-2018 18:00:00','dd-mm-yyyy hh24:mi:ss'));
INSERT INTO PRESENZA(CF_DIP,DATA_E_ORA_INIZIO,DATA_E_ORA_FINE) VALUES('0000000000000003',TO_DATE('10-07-2018 09:00:00','dd-mm-yyyy hh24:mi:ss'),TO_DATE('10-07-2018 18:00:00','dd-mm-yyyy hh24:mi:ss'));
INSERT INTO PRESENZA(CF_DIP,DATA_E_ORA_INIZIO,DATA_E_ORA_FINE) VALUES('0000000000000003',TO_DATE('11-07-2018 09:00:00','dd-mm-yyyy hh24:mi:ss'),TO_DATE('11-07-2018 18:00:00','dd-mm-yyyy hh24:mi:ss'));
INSERT INTO PRESENZA(CF_DIP,DATA_E_ORA_INIZIO,DATA_E_ORA_FINE) VALUES('0000000000000003',TO_DATE('12-07-2018 09:00:00','dd-mm-yyyy hh24:mi:ss'),TO_DATE('12-07-2018 18:00:00','dd-mm-yyyy hh24:mi:ss'));
INSERT INTO PRESENZA(CF_DIP,DATA_E_ORA_INIZIO,DATA_E_ORA_FINE) VALUES('0000000000000003',TO_DATE('13-07-2018 09:00:00','dd-mm-yyyy hh24:mi:ss'),TO_DATE('13-07-2018 18:00:00','dd-mm-yyyy hh24:mi:ss'));
INSERT INTO PRESENZA(CF_DIP,DATA_E_ORA_INIZIO,DATA_E_ORA_FINE) VALUES('0000000000000003',TO_DATE('14-07-2018 09:00:00','dd-mm-yyyy hh24:mi:ss'),TO_DATE('14-07-2018 18:00:00','dd-mm-yyyy hh24:mi:ss'));
INSERT INTO PRESENZA(CF_DIP,DATA_E_ORA_INIZIO,DATA_E_ORA_FINE) VALUES('0000000000000003',TO_DATE('16-07-2018 09:00:00','dd-mm-yyyy hh24:mi:ss'),TO_DATE('16-07-2018 18:00:00','dd-mm-yyyy hh24:mi:ss'));
INSERT INTO PRESENZA(CF_DIP,DATA_E_ORA_INIZIO,DATA_E_ORA_FINE) VALUES('0000000000000003',TO_DATE('17-07-2018 09:00:00','dd-mm-yyyy hh24:mi:ss'),TO_DATE('17-07-2018 18:00:00','dd-mm-yyyy hh24:mi:ss'));
INSERT INTO PRESENZA(CF_DIP,DATA_E_ORA_INIZIO,DATA_E_ORA_FINE) VALUES('0000000000000003',TO_DATE('18-07-2018 09:00:00','dd-mm-yyyy hh24:mi:ss'),TO_DATE('18-07-2018 18:00:00','dd-mm-yyyy hh24:mi:ss'));
INSERT INTO PRESENZA(CF_DIP,DATA_E_ORA_INIZIO,DATA_E_ORA_FINE) VALUES('0000000000000003',TO_DATE('20-07-2018 09:00:00','dd-mm-yyyy hh24:mi:ss'),TO_DATE('20-07-2018 17:00:00','dd-mm-yyyy hh24:mi:ss'));
INSERT INTO PRESENZA(CF_DIP,DATA_E_ORA_INIZIO,DATA_E_ORA_FINE) VALUES('0000000000000003',TO_DATE('21-07-2018 09:00:00','dd-mm-yyyy hh24:mi:ss'),TO_DATE('21-07-2018 18:00:00','dd-mm-yyyy hh24:mi:ss'));
INSERT INTO PRESENZA(CF_DIP,DATA_E_ORA_INIZIO,DATA_E_ORA_FINE) VALUES('0000000000000003',TO_DATE('23-07-2018 09:00:00','dd-mm-yyyy hh24:mi:ss'),TO_DATE('23-07-2018 18:00:00','dd-mm-yyyy hh24:mi:ss'));
INSERT INTO PRESENZA(CF_DIP,DATA_E_ORA_INIZIO,DATA_E_ORA_FINE) VALUES('0000000000000003',TO_DATE('24-07-2018 09:00:00','dd-mm-yyyy hh24:mi:ss'),TO_DATE('24-07-2018 18:00:00','dd-mm-yyyy hh24:mi:ss'));
INSERT INTO PRESENZA(CF_DIP,DATA_E_ORA_INIZIO,DATA_E_ORA_FINE) VALUES('0000000000000003',TO_DATE('25-07-2018 09:00:00','dd-mm-yyyy hh24:mi:ss'),TO_DATE('25-07-2018 14:00:00','dd-mm-yyyy hh24:mi:ss'));
INSERT INTO PRESENZA(CF_DIP,DATA_E_ORA_INIZIO,DATA_E_ORA_FINE) VALUES('0000000000000003',TO_DATE('26-07-2018 09:00:00','dd-mm-yyyy hh24:mi:ss'),TO_DATE('26-07-2018 18:00:00','dd-mm-yyyy hh24:mi:ss'));
INSERT INTO PRESENZA(CF_DIP,DATA_E_ORA_INIZIO,DATA_E_ORA_FINE) VALUES('0000000000000003',TO_DATE('27-07-2018 09:00:00','dd-mm-yyyy hh24:mi:ss'),TO_DATE('27-07-2018 18:00:00','dd-mm-yyyy hh24:mi:ss'));
INSERT INTO PRESENZA(CF_DIP,DATA_E_ORA_INIZIO,DATA_E_ORA_FINE) VALUES('0000000000000003',TO_DATE('28-07-2018 09:00:00','dd-mm-yyyy hh24:mi:ss'),TO_DATE('28-07-2018 18:00:00','dd-mm-yyyy hh24:mi:ss'));
INSERT INTO PRESENZA(CF_DIP,DATA_E_ORA_INIZIO,DATA_E_ORA_FINE) VALUES('0000000000000003',TO_DATE('30-07-2018 09:00:00','dd-mm-yyyy hh24:mi:ss'),TO_DATE('30-07-2018 10:00:00','dd-mm-yyyy hh24:mi:ss'));
INSERT INTO PRESENZA(CF_DIP,DATA_E_ORA_INIZIO,DATA_E_ORA_FINE) VALUES('0000000000000003',TO_DATE('31-07-2018 09:00:00','dd-mm-yyyy hh24:mi:ss'),TO_DATE('31-07-2018 10:00:00','dd-mm-yyyy hh24:mi:ss'));

INSERT INTO PERSONA(CODICE_FISCALE,NOME,COGNOME,DATA_NASCITA,SESSO) VALUES('0000000000000004','ROAST','BEEF',TO_DATE('07/01/1986','DD/MM/YYYY'),'M');
INSERT INTO DIPENDENTE(CF,DATA_ASSUNZIONE,STIPENDIO) VALUES('0000000000000004',TO_DATE('01/06/2018','DD/MM/YYYY'),800);
INSERT INTO TELEFONOPERSONA(CF,TELEFONO) VALUES ('0000000000000004','3330000004');
INSERT INTO PRESENZA(CF_DIP,DATA_E_ORA_INIZIO,DATA_E_ORA_FINE) VALUES('0000000000000004',TO_DATE('02-06-2018 09:00:00','dd-mm-yyyy hh24:mi:ss'),TO_DATE('02-06-2018 16:00:00','dd-mm-yyyy hh24:mi:ss'));
INSERT INTO PRESENZA(CF_DIP,DATA_E_ORA_INIZIO,DATA_E_ORA_FINE) VALUES('0000000000000004',TO_DATE('04-06-2018 09:00:00','dd-mm-yyyy hh24:mi:ss'),TO_DATE('04-06-2018 18:00:00','dd-mm-yyyy hh24:mi:ss'));
INSERT INTO PRESENZA(CF_DIP,DATA_E_ORA_INIZIO,DATA_E_ORA_FINE) VALUES('0000000000000004',TO_DATE('05-06-2018 09:00:00','dd-mm-yyyy hh24:mi:ss'),TO_DATE('05-06-2018 18:00:00','dd-mm-yyyy hh24:mi:ss'));
INSERT INTO PRESENZA(CF_DIP,DATA_E_ORA_INIZIO,DATA_E_ORA_FINE) VALUES('0000000000000004',TO_DATE('06-06-2018 09:00:00','dd-mm-yyyy hh24:mi:ss'),TO_DATE('06-06-2018 18:00:00','dd-mm-yyyy hh24:mi:ss'));
INSERT INTO PRESENZA(CF_DIP,DATA_E_ORA_INIZIO,DATA_E_ORA_FINE) VALUES('0000000000000004',TO_DATE('07-06-2018 09:00:00','dd-mm-yyyy hh24:mi:ss'),TO_DATE('07-06-2018 18:00:00','dd-mm-yyyy hh24:mi:ss'));
INSERT INTO PRESENZA(CF_DIP,DATA_E_ORA_INIZIO,DATA_E_ORA_FINE) VALUES('0000000000000004',TO_DATE('08-06-2018 09:00:00','dd-mm-yyyy hh24:mi:ss'),TO_DATE('08-06-2018 18:00:00','dd-mm-yyyy hh24:mi:ss'));
INSERT INTO PRESENZA(CF_DIP,DATA_E_ORA_INIZIO,DATA_E_ORA_FINE) VALUES('0000000000000004',TO_DATE('09-06-2018 09:00:00','dd-mm-yyyy hh24:mi:ss'),TO_DATE('09-06-2018 18:00:00','dd-mm-yyyy hh24:mi:ss'));
INSERT INTO PRESENZA(CF_DIP,DATA_E_ORA_INIZIO,DATA_E_ORA_FINE) VALUES('0000000000000004',TO_DATE('11-06-2018 09:00:00','dd-mm-yyyy hh24:mi:ss'),TO_DATE('11-06-2018 18:00:00','dd-mm-yyyy hh24:mi:ss'));
INSERT INTO PRESENZA(CF_DIP,DATA_E_ORA_INIZIO,DATA_E_ORA_FINE) VALUES('0000000000000004',TO_DATE('12-06-2018 09:00:00','dd-mm-yyyy hh24:mi:ss'),TO_DATE('12-06-2018 15:00:00','dd-mm-yyyy hh24:mi:ss'));
INSERT INTO PRESENZA(CF_DIP,DATA_E_ORA_INIZIO,DATA_E_ORA_FINE) VALUES('0000000000000004',TO_DATE('13-06-2018 09:00:00','dd-mm-yyyy hh24:mi:ss'),TO_DATE('13-06-2018 18:00:00','dd-mm-yyyy hh24:mi:ss'));
INSERT INTO PRESENZA(CF_DIP,DATA_E_ORA_INIZIO,DATA_E_ORA_FINE) VALUES('0000000000000004',TO_DATE('14-06-2018 09:00:00','dd-mm-yyyy hh24:mi:ss'),TO_DATE('14-06-2018 18:00:00','dd-mm-yyyy hh24:mi:ss'));
INSERT INTO PRESENZA(CF_DIP,DATA_E_ORA_INIZIO,DATA_E_ORA_FINE) VALUES('0000000000000004',TO_DATE('15-06-2018 09:00:00','dd-mm-yyyy hh24:mi:ss'),TO_DATE('15-06-2018 18:00:00','dd-mm-yyyy hh24:mi:ss'));
INSERT INTO PRESENZA(CF_DIP,DATA_E_ORA_INIZIO,DATA_E_ORA_FINE) VALUES('0000000000000004',TO_DATE('16-06-2018 09:00:00','dd-mm-yyyy hh24:mi:ss'),TO_DATE('16-06-2018 16:00:00','dd-mm-yyyy hh24:mi:ss'));
INSERT INTO PRESENZA(CF_DIP,DATA_E_ORA_INIZIO,DATA_E_ORA_FINE) VALUES('0000000000000004',TO_DATE('18-06-2018 09:00:00','dd-mm-yyyy hh24:mi:ss'),TO_DATE('18-06-2018 18:00:00','dd-mm-yyyy hh24:mi:ss'));
INSERT INTO PRESENZA(CF_DIP,DATA_E_ORA_INIZIO,DATA_E_ORA_FINE) VALUES('0000000000000004',TO_DATE('19-06-2018 09:00:00','dd-mm-yyyy hh24:mi:ss'),TO_DATE('19-06-2018 18:00:00','dd-mm-yyyy hh24:mi:ss'));
INSERT INTO PRESENZA(CF_DIP,DATA_E_ORA_INIZIO,DATA_E_ORA_FINE) VALUES('0000000000000004',TO_DATE('20-06-2018 09:00:00','dd-mm-yyyy hh24:mi:ss'),TO_DATE('20-06-2018 18:00:00','dd-mm-yyyy hh24:mi:ss'));
INSERT INTO PRESENZA(CF_DIP,DATA_E_ORA_INIZIO,DATA_E_ORA_FINE) VALUES('0000000000000004',TO_DATE('21-06-2018 09:00:00','dd-mm-yyyy hh24:mi:ss'),TO_DATE('21-06-2018 18:00:00','dd-mm-yyyy hh24:mi:ss'));
INSERT INTO PRESENZA(CF_DIP,DATA_E_ORA_INIZIO,DATA_E_ORA_FINE) VALUES('0000000000000004',TO_DATE('22-06-2018 09:00:00','dd-mm-yyyy hh24:mi:ss'),TO_DATE('22-06-2018 18:00:00','dd-mm-yyyy hh24:mi:ss'));
INSERT INTO PRESENZA(CF_DIP,DATA_E_ORA_INIZIO,DATA_E_ORA_FINE) VALUES('0000000000000004',TO_DATE('23-06-2018 09:00:00','dd-mm-yyyy hh24:mi:ss'),TO_DATE('23-06-2018 17:00:00','dd-mm-yyyy hh24:mi:ss'));
INSERT INTO PRESENZA(CF_DIP,DATA_E_ORA_INIZIO,DATA_E_ORA_FINE) VALUES('0000000000000004',TO_DATE('25-06-2018 09:00:00','dd-mm-yyyy hh24:mi:ss'),TO_DATE('25-06-2018 15:00:00','dd-mm-yyyy hh24:mi:ss'));
INSERT INTO PRESENZA(CF_DIP,DATA_E_ORA_INIZIO,DATA_E_ORA_FINE) VALUES('0000000000000004',TO_DATE('26-06-2018 09:00:00','dd-mm-yyyy hh24:mi:ss'),TO_DATE('26-06-2018 18:00:00','dd-mm-yyyy hh24:mi:ss'));
INSERT INTO PRESENZA(CF_DIP,DATA_E_ORA_INIZIO,DATA_E_ORA_FINE) VALUES('0000000000000004',TO_DATE('27-06-2018 09:00:00','dd-mm-yyyy hh24:mi:ss'),TO_DATE('27-06-2018 18:00:00','dd-mm-yyyy hh24:mi:ss'));
INSERT INTO PRESENZA(CF_DIP,DATA_E_ORA_INIZIO,DATA_E_ORA_FINE) VALUES('0000000000000004',TO_DATE('28-06-2018 09:00:00','dd-mm-yyyy hh24:mi:ss'),TO_DATE('28-06-2018 18:00:00','dd-mm-yyyy hh24:mi:ss'));
INSERT INTO PRESENZA(CF_DIP,DATA_E_ORA_INIZIO,DATA_E_ORA_FINE) VALUES('0000000000000004',TO_DATE('29-06-2018 09:00:00','dd-mm-yyyy hh24:mi:ss'),TO_DATE('29-06-2018 18:00:00','dd-mm-yyyy hh24:mi:ss'));
INSERT INTO PRESENZA(CF_DIP,DATA_E_ORA_INIZIO,DATA_E_ORA_FINE) VALUES('0000000000000004',TO_DATE('30-06-2018 09:00:00','dd-mm-yyyy hh24:mi:ss'),TO_DATE('30-06-2018 18:00:00','dd-mm-yyyy hh24:mi:ss'));
INSERT INTO PRESENZA(CF_DIP,DATA_E_ORA_INIZIO,DATA_E_ORA_FINE) VALUES('0000000000000004',TO_DATE('02-07-2018 09:00:00','dd-mm-yyyy hh24:mi:ss'),TO_DATE('02-07-2018 18:00:00','dd-mm-yyyy hh24:mi:ss'));
INSERT INTO PRESENZA(CF_DIP,DATA_E_ORA_INIZIO,DATA_E_ORA_FINE) VALUES('0000000000000004',TO_DATE('03-07-2018 09:00:00','dd-mm-yyyy hh24:mi:ss'),TO_DATE('03-07-2018 18:00:00','dd-mm-yyyy hh24:mi:ss'));
INSERT INTO PRESENZA(CF_DIP,DATA_E_ORA_INIZIO,DATA_E_ORA_FINE) VALUES('0000000000000004',TO_DATE('04-07-2018 09:00:00','dd-mm-yyyy hh24:mi:ss'),TO_DATE('04-07-2018 18:00:00','dd-mm-yyyy hh24:mi:ss'));
INSERT INTO PRESENZA(CF_DIP,DATA_E_ORA_INIZIO,DATA_E_ORA_FINE) VALUES('0000000000000004',TO_DATE('05-07-2018 09:00:00','dd-mm-yyyy hh24:mi:ss'),TO_DATE('05-07-2018 18:00:00','dd-mm-yyyy hh24:mi:ss'));
INSERT INTO PRESENZA(CF_DIP,DATA_E_ORA_INIZIO,DATA_E_ORA_FINE) VALUES('0000000000000004',TO_DATE('06-07-2018 09:00:00','dd-mm-yyyy hh24:mi:ss'),TO_DATE('06-07-2018 18:00:00','dd-mm-yyyy hh24:mi:ss'));
INSERT INTO PRESENZA(CF_DIP,DATA_E_ORA_INIZIO,DATA_E_ORA_FINE) VALUES('0000000000000004',TO_DATE('07-07-2018 09:00:00','dd-mm-yyyy hh24:mi:ss'),TO_DATE('07-07-2018 17:00:00','dd-mm-yyyy hh24:mi:ss'));
INSERT INTO PRESENZA(CF_DIP,DATA_E_ORA_INIZIO,DATA_E_ORA_FINE) VALUES('0000000000000004',TO_DATE('09-07-2018 09:00:00','dd-mm-yyyy hh24:mi:ss'),TO_DATE('09-07-2018 18:00:00','dd-mm-yyyy hh24:mi:ss'));
INSERT INTO PRESENZA(CF_DIP,DATA_E_ORA_INIZIO,DATA_E_ORA_FINE) VALUES('0000000000000004',TO_DATE('10-07-2018 09:00:00','dd-mm-yyyy hh24:mi:ss'),TO_DATE('10-07-2018 18:00:00','dd-mm-yyyy hh24:mi:ss'));
INSERT INTO PRESENZA(CF_DIP,DATA_E_ORA_INIZIO,DATA_E_ORA_FINE) VALUES('0000000000000004',TO_DATE('11-07-2018 09:00:00','dd-mm-yyyy hh24:mi:ss'),TO_DATE('11-07-2018 18:00:00','dd-mm-yyyy hh24:mi:ss'));
INSERT INTO PRESENZA(CF_DIP,DATA_E_ORA_INIZIO,DATA_E_ORA_FINE) VALUES('0000000000000004',TO_DATE('12-07-2018 09:00:00','dd-mm-yyyy hh24:mi:ss'),TO_DATE('12-07-2018 18:00:00','dd-mm-yyyy hh24:mi:ss'));
INSERT INTO PRESENZA(CF_DIP,DATA_E_ORA_INIZIO,DATA_E_ORA_FINE) VALUES('0000000000000004',TO_DATE('13-07-2018 09:00:00','dd-mm-yyyy hh24:mi:ss'),TO_DATE('13-07-2018 18:00:00','dd-mm-yyyy hh24:mi:ss'));
INSERT INTO PRESENZA(CF_DIP,DATA_E_ORA_INIZIO,DATA_E_ORA_FINE) VALUES('0000000000000004',TO_DATE('14-07-2018 09:00:00','dd-mm-yyyy hh24:mi:ss'),TO_DATE('14-07-2018 18:00:00','dd-mm-yyyy hh24:mi:ss'));
INSERT INTO PRESENZA(CF_DIP,DATA_E_ORA_INIZIO,DATA_E_ORA_FINE) VALUES('0000000000000004',TO_DATE('16-07-2018 09:00:00','dd-mm-yyyy hh24:mi:ss'),TO_DATE('16-07-2018 18:00:00','dd-mm-yyyy hh24:mi:ss'));
INSERT INTO PRESENZA(CF_DIP,DATA_E_ORA_INIZIO,DATA_E_ORA_FINE) VALUES('0000000000000004',TO_DATE('17-07-2018 09:00:00','dd-mm-yyyy hh24:mi:ss'),TO_DATE('17-07-2018 18:00:00','dd-mm-yyyy hh24:mi:ss'));
INSERT INTO PRESENZA(CF_DIP,DATA_E_ORA_INIZIO,DATA_E_ORA_FINE) VALUES('0000000000000004',TO_DATE('18-07-2018 09:00:00','dd-mm-yyyy hh24:mi:ss'),TO_DATE('18-07-2018 18:00:00','dd-mm-yyyy hh24:mi:ss'));
INSERT INTO PRESENZA(CF_DIP,DATA_E_ORA_INIZIO,DATA_E_ORA_FINE) VALUES('0000000000000004',TO_DATE('20-07-2018 09:00:00','dd-mm-yyyy hh24:mi:ss'),TO_DATE('20-07-2018 16:00:00','dd-mm-yyyy hh24:mi:ss'));
INSERT INTO PRESENZA(CF_DIP,DATA_E_ORA_INIZIO,DATA_E_ORA_FINE) VALUES('0000000000000004',TO_DATE('21-07-2018 09:00:00','dd-mm-yyyy hh24:mi:ss'),TO_DATE('21-07-2018 18:00:00','dd-mm-yyyy hh24:mi:ss'));
INSERT INTO PRESENZA(CF_DIP,DATA_E_ORA_INIZIO,DATA_E_ORA_FINE) VALUES('0000000000000004',TO_DATE('23-07-2018 09:00:00','dd-mm-yyyy hh24:mi:ss'),TO_DATE('23-07-2018 18:00:00','dd-mm-yyyy hh24:mi:ss'));
INSERT INTO PRESENZA(CF_DIP,DATA_E_ORA_INIZIO,DATA_E_ORA_FINE) VALUES('0000000000000004',TO_DATE('24-07-2018 09:00:00','dd-mm-yyyy hh24:mi:ss'),TO_DATE('24-07-2018 18:00:00','dd-mm-yyyy hh24:mi:ss'));
INSERT INTO PRESENZA(CF_DIP,DATA_E_ORA_INIZIO,DATA_E_ORA_FINE) VALUES('0000000000000004',TO_DATE('25-07-2018 09:00:00','dd-mm-yyyy hh24:mi:ss'),TO_DATE('25-07-2018 14:00:00','dd-mm-yyyy hh24:mi:ss'));
INSERT INTO PRESENZA(CF_DIP,DATA_E_ORA_INIZIO,DATA_E_ORA_FINE) VALUES('0000000000000004',TO_DATE('26-07-2018 09:00:00','dd-mm-yyyy hh24:mi:ss'),TO_DATE('26-07-2018 18:00:00','dd-mm-yyyy hh24:mi:ss'));
INSERT INTO PRESENZA(CF_DIP,DATA_E_ORA_INIZIO,DATA_E_ORA_FINE) VALUES('0000000000000004',TO_DATE('27-07-2018 09:00:00','dd-mm-yyyy hh24:mi:ss'),TO_DATE('27-07-2018 17:00:00','dd-mm-yyyy hh24:mi:ss'));
INSERT INTO PRESENZA(CF_DIP,DATA_E_ORA_INIZIO,DATA_E_ORA_FINE) VALUES('0000000000000004',TO_DATE('28-07-2018 09:00:00','dd-mm-yyyy hh24:mi:ss'),TO_DATE('28-07-2018 18:00:00','dd-mm-yyyy hh24:mi:ss'));
INSERT INTO PRESENZA(CF_DIP,DATA_E_ORA_INIZIO,DATA_E_ORA_FINE) VALUES('0000000000000004',TO_DATE('30-07-2018 09:00:00','dd-mm-yyyy hh24:mi:ss'),TO_DATE('30-07-2018 18:00:00','dd-mm-yyyy hh24:mi:ss'));
INSERT INTO PRESENZA(CF_DIP,DATA_E_ORA_INIZIO,DATA_E_ORA_FINE) VALUES('0000000000000004',TO_DATE('31-07-2018 09:00:00','dd-mm-yyyy hh24:mi:ss'),TO_DATE('31-07-2018 18:00:00','dd-mm-yyyy hh24:mi:ss'));

INSERT INTO PERSONA(CODICE_FISCALE,NOME,COGNOME,DATA_NASCITA,SESSO) VALUES('0000000000000005','LOREDANA','BERTE',TO_DATE('21/12/1955','DD/MM/YYYY'),'F');
INSERT INTO DIPENDENTE(CF,DATA_ASSUNZIONE,STIPENDIO) VALUES('0000000000000005',TO_DATE('23/05/2018','DD/MM/YYYY'),1350);
INSERT INTO TELEFONOPERSONA(CF,TELEFONO) VALUES ('0000000000000005','3330000005');
INSERT INTO PRESENZA(CF_DIP,DATA_E_ORA_INIZIO,DATA_E_ORA_FINE) VALUES('0000000000000005',TO_DATE('24-05-2018 09:00:00','dd-mm-yyyy hh24:mi:ss'),TO_DATE('24-05-2018 16:00:00','dd-mm-yyyy hh24:mi:ss'));
INSERT INTO PRESENZA(CF_DIP,DATA_E_ORA_INIZIO,DATA_E_ORA_FINE) VALUES('0000000000000005',TO_DATE('26-05-2018 09:00:00','dd-mm-yyyy hh24:mi:ss'),TO_DATE('26-05-2018 17:00:00','dd-mm-yyyy hh24:mi:ss'));
INSERT INTO PRESENZA(CF_DIP,DATA_E_ORA_INIZIO,DATA_E_ORA_FINE) VALUES('0000000000000005',TO_DATE('28-05-2018 09:00:00','dd-mm-yyyy hh24:mi:ss'),TO_DATE('28-05-2018 18:00:00','dd-mm-yyyy hh24:mi:ss'));
INSERT INTO PRESENZA(CF_DIP,DATA_E_ORA_INIZIO,DATA_E_ORA_FINE) VALUES('0000000000000005',TO_DATE('29-05-2018 09:00:00','dd-mm-yyyy hh24:mi:ss'),TO_DATE('29-05-2018 18:00:00','dd-mm-yyyy hh24:mi:ss'));
INSERT INTO PRESENZA(CF_DIP,DATA_E_ORA_INIZIO,DATA_E_ORA_FINE) VALUES('0000000000000005',TO_DATE('30-05-2018 09:00:00','dd-mm-yyyy hh24:mi:ss'),TO_DATE('30-05-2018 18:00:00','dd-mm-yyyy hh24:mi:ss'));
INSERT INTO PRESENZA(CF_DIP,DATA_E_ORA_INIZIO,DATA_E_ORA_FINE) VALUES('0000000000000005',TO_DATE('31-05-2018 09:00:00','dd-mm-yyyy hh24:mi:ss'),TO_DATE('31-05-2018 18:00:00','dd-mm-yyyy hh24:mi:ss'));
INSERT INTO PRESENZA(CF_DIP,DATA_E_ORA_INIZIO,DATA_E_ORA_FINE) VALUES('0000000000000005',TO_DATE('01-06-2018 09:00:00','dd-mm-yyyy hh24:mi:ss'),TO_DATE('01-06-2018 18:00:00','dd-mm-yyyy hh24:mi:ss'));
INSERT INTO PRESENZA(CF_DIP,DATA_E_ORA_INIZIO,DATA_E_ORA_FINE) VALUES('0000000000000005',TO_DATE('02-06-2018 09:00:00','dd-mm-yyyy hh24:mi:ss'),TO_DATE('02-06-2018 16:00:00','dd-mm-yyyy hh24:mi:ss'));
INSERT INTO PRESENZA(CF_DIP,DATA_E_ORA_INIZIO,DATA_E_ORA_FINE) VALUES('0000000000000005',TO_DATE('04-06-2018 09:00:00','dd-mm-yyyy hh24:mi:ss'),TO_DATE('04-06-2018 18:00:00','dd-mm-yyyy hh24:mi:ss'));
INSERT INTO PRESENZA(CF_DIP,DATA_E_ORA_INIZIO,DATA_E_ORA_FINE) VALUES('0000000000000005',TO_DATE('05-06-2018 09:00:00','dd-mm-yyyy hh24:mi:ss'),TO_DATE('05-06-2018 18:00:00','dd-mm-yyyy hh24:mi:ss'));
INSERT INTO PRESENZA(CF_DIP,DATA_E_ORA_INIZIO,DATA_E_ORA_FINE) VALUES('0000000000000005',TO_DATE('06-06-2018 09:00:00','dd-mm-yyyy hh24:mi:ss'),TO_DATE('06-06-2018 18:00:00','dd-mm-yyyy hh24:mi:ss'));
INSERT INTO PRESENZA(CF_DIP,DATA_E_ORA_INIZIO,DATA_E_ORA_FINE) VALUES('0000000000000005',TO_DATE('07-06-2018 09:00:00','dd-mm-yyyy hh24:mi:ss'),TO_DATE('07-06-2018 18:00:00','dd-mm-yyyy hh24:mi:ss'));
INSERT INTO PRESENZA(CF_DIP,DATA_E_ORA_INIZIO,DATA_E_ORA_FINE) VALUES('0000000000000005',TO_DATE('08-06-2018 09:00:00','dd-mm-yyyy hh24:mi:ss'),TO_DATE('08-06-2018 18:00:00','dd-mm-yyyy hh24:mi:ss'));
INSERT INTO PRESENZA(CF_DIP,DATA_E_ORA_INIZIO,DATA_E_ORA_FINE) VALUES('0000000000000005',TO_DATE('09-06-2018 09:00:00','dd-mm-yyyy hh24:mi:ss'),TO_DATE('09-06-2018 18:00:00','dd-mm-yyyy hh24:mi:ss'));
INSERT INTO PRESENZA(CF_DIP,DATA_E_ORA_INIZIO,DATA_E_ORA_FINE) VALUES('0000000000000005',TO_DATE('11-06-2018 09:00:00','dd-mm-yyyy hh24:mi:ss'),TO_DATE('11-06-2018 18:00:00','dd-mm-yyyy hh24:mi:ss'));
INSERT INTO PRESENZA(CF_DIP,DATA_E_ORA_INIZIO,DATA_E_ORA_FINE) VALUES('0000000000000005',TO_DATE('12-06-2018 09:00:00','dd-mm-yyyy hh24:mi:ss'),TO_DATE('12-06-2018 15:00:00','dd-mm-yyyy hh24:mi:ss'));
INSERT INTO PRESENZA(CF_DIP,DATA_E_ORA_INIZIO,DATA_E_ORA_FINE) VALUES('0000000000000005',TO_DATE('13-06-2018 09:00:00','dd-mm-yyyy hh24:mi:ss'),TO_DATE('13-06-2018 18:00:00','dd-mm-yyyy hh24:mi:ss'));
INSERT INTO PRESENZA(CF_DIP,DATA_E_ORA_INIZIO,DATA_E_ORA_FINE) VALUES('0000000000000005',TO_DATE('14-06-2018 09:00:00','dd-mm-yyyy hh24:mi:ss'),TO_DATE('14-06-2018 18:00:00','dd-mm-yyyy hh24:mi:ss'));
INSERT INTO PRESENZA(CF_DIP,DATA_E_ORA_INIZIO,DATA_E_ORA_FINE) VALUES('0000000000000005',TO_DATE('15-06-2018 09:00:00','dd-mm-yyyy hh24:mi:ss'),TO_DATE('15-06-2018 18:00:00','dd-mm-yyyy hh24:mi:ss'));
INSERT INTO PRESENZA(CF_DIP,DATA_E_ORA_INIZIO,DATA_E_ORA_FINE) VALUES('0000000000000005',TO_DATE('16-06-2018 09:00:00','dd-mm-yyyy hh24:mi:ss'),TO_DATE('16-06-2018 16:00:00','dd-mm-yyyy hh24:mi:ss'));
INSERT INTO PRESENZA(CF_DIP,DATA_E_ORA_INIZIO,DATA_E_ORA_FINE) VALUES('0000000000000005',TO_DATE('18-06-2018 09:00:00','dd-mm-yyyy hh24:mi:ss'),TO_DATE('18-06-2018 18:00:00','dd-mm-yyyy hh24:mi:ss'));
INSERT INTO PRESENZA(CF_DIP,DATA_E_ORA_INIZIO,DATA_E_ORA_FINE) VALUES('0000000000000005',TO_DATE('19-06-2018 09:00:00','dd-mm-yyyy hh24:mi:ss'),TO_DATE('19-06-2018 18:00:00','dd-mm-yyyy hh24:mi:ss'));
INSERT INTO PRESENZA(CF_DIP,DATA_E_ORA_INIZIO,DATA_E_ORA_FINE) VALUES('0000000000000005',TO_DATE('20-06-2018 09:00:00','dd-mm-yyyy hh24:mi:ss'),TO_DATE('20-06-2018 18:00:00','dd-mm-yyyy hh24:mi:ss'));
INSERT INTO PRESENZA(CF_DIP,DATA_E_ORA_INIZIO,DATA_E_ORA_FINE) VALUES('0000000000000005',TO_DATE('21-06-2018 09:00:00','dd-mm-yyyy hh24:mi:ss'),TO_DATE('21-06-2018 18:00:00','dd-mm-yyyy hh24:mi:ss'));
INSERT INTO PRESENZA(CF_DIP,DATA_E_ORA_INIZIO,DATA_E_ORA_FINE) VALUES('0000000000000005',TO_DATE('22-06-2018 09:00:00','dd-mm-yyyy hh24:mi:ss'),TO_DATE('22-06-2018 18:00:00','dd-mm-yyyy hh24:mi:ss'));
INSERT INTO PRESENZA(CF_DIP,DATA_E_ORA_INIZIO,DATA_E_ORA_FINE) VALUES('0000000000000005',TO_DATE('23-06-2018 09:00:00','dd-mm-yyyy hh24:mi:ss'),TO_DATE('23-06-2018 17:00:00','dd-mm-yyyy hh24:mi:ss'));
INSERT INTO PRESENZA(CF_DIP,DATA_E_ORA_INIZIO,DATA_E_ORA_FINE) VALUES('0000000000000005',TO_DATE('25-06-2018 09:00:00','dd-mm-yyyy hh24:mi:ss'),TO_DATE('25-06-2018 15:00:00','dd-mm-yyyy hh24:mi:ss'));
INSERT INTO PRESENZA(CF_DIP,DATA_E_ORA_INIZIO,DATA_E_ORA_FINE) VALUES('0000000000000005',TO_DATE('26-06-2018 09:00:00','dd-mm-yyyy hh24:mi:ss'),TO_DATE('26-06-2018 18:00:00','dd-mm-yyyy hh24:mi:ss'));
INSERT INTO PRESENZA(CF_DIP,DATA_E_ORA_INIZIO,DATA_E_ORA_FINE) VALUES('0000000000000005',TO_DATE('27-06-2018 09:00:00','dd-mm-yyyy hh24:mi:ss'),TO_DATE('27-06-2018 18:00:00','dd-mm-yyyy hh24:mi:ss'));
INSERT INTO PRESENZA(CF_DIP,DATA_E_ORA_INIZIO,DATA_E_ORA_FINE) VALUES('0000000000000005',TO_DATE('28-06-2018 09:00:00','dd-mm-yyyy hh24:mi:ss'),TO_DATE('28-06-2018 18:00:00','dd-mm-yyyy hh24:mi:ss'));
INSERT INTO PRESENZA(CF_DIP,DATA_E_ORA_INIZIO,DATA_E_ORA_FINE) VALUES('0000000000000005',TO_DATE('29-06-2018 09:00:00','dd-mm-yyyy hh24:mi:ss'),TO_DATE('29-06-2018 18:00:00','dd-mm-yyyy hh24:mi:ss'));
INSERT INTO PRESENZA(CF_DIP,DATA_E_ORA_INIZIO,DATA_E_ORA_FINE) VALUES('0000000000000005',TO_DATE('30-06-2018 09:00:00','dd-mm-yyyy hh24:mi:ss'),TO_DATE('30-06-2018 18:00:00','dd-mm-yyyy hh24:mi:ss'));
INSERT INTO PRESENZA(CF_DIP,DATA_E_ORA_INIZIO,DATA_E_ORA_FINE) VALUES('0000000000000005',TO_DATE('02-07-2018 09:00:00','dd-mm-yyyy hh24:mi:ss'),TO_DATE('02-07-2018 18:00:00','dd-mm-yyyy hh24:mi:ss'));
INSERT INTO PRESENZA(CF_DIP,DATA_E_ORA_INIZIO,DATA_E_ORA_FINE) VALUES('0000000000000005',TO_DATE('03-07-2018 09:00:00','dd-mm-yyyy hh24:mi:ss'),TO_DATE('03-07-2018 18:00:00','dd-mm-yyyy hh24:mi:ss'));
INSERT INTO PRESENZA(CF_DIP,DATA_E_ORA_INIZIO,DATA_E_ORA_FINE) VALUES('0000000000000005',TO_DATE('04-07-2018 09:00:00','dd-mm-yyyy hh24:mi:ss'),TO_DATE('04-07-2018 18:00:00','dd-mm-yyyy hh24:mi:ss'));
INSERT INTO PRESENZA(CF_DIP,DATA_E_ORA_INIZIO,DATA_E_ORA_FINE) VALUES('0000000000000005',TO_DATE('05-07-2018 09:00:00','dd-mm-yyyy hh24:mi:ss'),TO_DATE('05-07-2018 18:00:00','dd-mm-yyyy hh24:mi:ss'));
INSERT INTO PRESENZA(CF_DIP,DATA_E_ORA_INIZIO,DATA_E_ORA_FINE) VALUES('0000000000000005',TO_DATE('06-07-2018 09:00:00','dd-mm-yyyy hh24:mi:ss'),TO_DATE('06-07-2018 18:00:00','dd-mm-yyyy hh24:mi:ss'));
INSERT INTO PRESENZA(CF_DIP,DATA_E_ORA_INIZIO,DATA_E_ORA_FINE) VALUES('0000000000000005',TO_DATE('07-07-2018 09:00:00','dd-mm-yyyy hh24:mi:ss'),TO_DATE('07-07-2018 17:00:00','dd-mm-yyyy hh24:mi:ss'));
INSERT INTO PRESENZA(CF_DIP,DATA_E_ORA_INIZIO,DATA_E_ORA_FINE) VALUES('0000000000000005',TO_DATE('09-07-2018 09:00:00','dd-mm-yyyy hh24:mi:ss'),TO_DATE('09-07-2018 18:00:00','dd-mm-yyyy hh24:mi:ss'));
INSERT INTO PRESENZA(CF_DIP,DATA_E_ORA_INIZIO,DATA_E_ORA_FINE) VALUES('0000000000000005',TO_DATE('10-07-2018 09:00:00','dd-mm-yyyy hh24:mi:ss'),TO_DATE('10-07-2018 18:00:00','dd-mm-yyyy hh24:mi:ss'));
INSERT INTO PRESENZA(CF_DIP,DATA_E_ORA_INIZIO,DATA_E_ORA_FINE) VALUES('0000000000000005',TO_DATE('11-07-2018 09:00:00','dd-mm-yyyy hh24:mi:ss'),TO_DATE('11-07-2018 18:00:00','dd-mm-yyyy hh24:mi:ss'));
INSERT INTO PRESENZA(CF_DIP,DATA_E_ORA_INIZIO,DATA_E_ORA_FINE) VALUES('0000000000000005',TO_DATE('12-07-2018 09:00:00','dd-mm-yyyy hh24:mi:ss'),TO_DATE('12-07-2018 18:00:00','dd-mm-yyyy hh24:mi:ss'));
INSERT INTO PRESENZA(CF_DIP,DATA_E_ORA_INIZIO,DATA_E_ORA_FINE) VALUES('0000000000000005',TO_DATE('13-07-2018 09:00:00','dd-mm-yyyy hh24:mi:ss'),TO_DATE('13-07-2018 18:00:00','dd-mm-yyyy hh24:mi:ss'));
INSERT INTO PRESENZA(CF_DIP,DATA_E_ORA_INIZIO,DATA_E_ORA_FINE) VALUES('0000000000000005',TO_DATE('14-07-2018 09:00:00','dd-mm-yyyy hh24:mi:ss'),TO_DATE('14-07-2018 18:00:00','dd-mm-yyyy hh24:mi:ss'));
INSERT INTO PRESENZA(CF_DIP,DATA_E_ORA_INIZIO,DATA_E_ORA_FINE) VALUES('0000000000000005',TO_DATE('16-07-2018 09:00:00','dd-mm-yyyy hh24:mi:ss'),TO_DATE('16-07-2018 18:00:00','dd-mm-yyyy hh24:mi:ss'));
INSERT INTO PRESENZA(CF_DIP,DATA_E_ORA_INIZIO,DATA_E_ORA_FINE) VALUES('0000000000000005',TO_DATE('17-07-2018 09:00:00','dd-mm-yyyy hh24:mi:ss'),TO_DATE('17-07-2018 18:00:00','dd-mm-yyyy hh24:mi:ss'));
INSERT INTO PRESENZA(CF_DIP,DATA_E_ORA_INIZIO,DATA_E_ORA_FINE) VALUES('0000000000000005',TO_DATE('18-07-2018 09:00:00','dd-mm-yyyy hh24:mi:ss'),TO_DATE('18-07-2018 18:00:00','dd-mm-yyyy hh24:mi:ss'));
INSERT INTO PRESENZA(CF_DIP,DATA_E_ORA_INIZIO,DATA_E_ORA_FINE) VALUES('0000000000000005',TO_DATE('20-07-2018 09:00:00','dd-mm-yyyy hh24:mi:ss'),TO_DATE('20-07-2018 16:00:00','dd-mm-yyyy hh24:mi:ss'));
INSERT INTO PRESENZA(CF_DIP,DATA_E_ORA_INIZIO,DATA_E_ORA_FINE) VALUES('0000000000000005',TO_DATE('21-07-2018 09:00:00','dd-mm-yyyy hh24:mi:ss'),TO_DATE('21-07-2018 18:00:00','dd-mm-yyyy hh24:mi:ss'));
INSERT INTO PRESENZA(CF_DIP,DATA_E_ORA_INIZIO,DATA_E_ORA_FINE) VALUES('0000000000000005',TO_DATE('23-07-2018 09:00:00','dd-mm-yyyy hh24:mi:ss'),TO_DATE('23-07-2018 18:00:00','dd-mm-yyyy hh24:mi:ss'));
INSERT INTO PRESENZA(CF_DIP,DATA_E_ORA_INIZIO,DATA_E_ORA_FINE) VALUES('0000000000000005',TO_DATE('24-07-2018 09:00:00','dd-mm-yyyy hh24:mi:ss'),TO_DATE('24-07-2018 18:00:00','dd-mm-yyyy hh24:mi:ss'));
INSERT INTO PRESENZA(CF_DIP,DATA_E_ORA_INIZIO,DATA_E_ORA_FINE) VALUES('0000000000000005',TO_DATE('25-07-2018 09:00:00','dd-mm-yyyy hh24:mi:ss'),TO_DATE('25-07-2018 14:00:00','dd-mm-yyyy hh24:mi:ss'));
INSERT INTO PRESENZA(CF_DIP,DATA_E_ORA_INIZIO,DATA_E_ORA_FINE) VALUES('0000000000000005',TO_DATE('26-07-2018 09:00:00','dd-mm-yyyy hh24:mi:ss'),TO_DATE('26-07-2018 18:00:00','dd-mm-yyyy hh24:mi:ss'));
INSERT INTO PRESENZA(CF_DIP,DATA_E_ORA_INIZIO,DATA_E_ORA_FINE) VALUES('0000000000000005',TO_DATE('27-07-2018 09:00:00','dd-mm-yyyy hh24:mi:ss'),TO_DATE('27-07-2018 17:00:00','dd-mm-yyyy hh24:mi:ss'));
INSERT INTO PRESENZA(CF_DIP,DATA_E_ORA_INIZIO,DATA_E_ORA_FINE) VALUES('0000000000000005',TO_DATE('28-07-2018 09:00:00','dd-mm-yyyy hh24:mi:ss'),TO_DATE('28-07-2018 18:00:00','dd-mm-yyyy hh24:mi:ss'));
INSERT INTO PRESENZA(CF_DIP,DATA_E_ORA_INIZIO,DATA_E_ORA_FINE) VALUES('0000000000000005',TO_DATE('30-07-2018 09:00:00','dd-mm-yyyy hh24:mi:ss'),TO_DATE('30-07-2018 18:00:00','dd-mm-yyyy hh24:mi:ss'));
INSERT INTO PRESENZA(CF_DIP,DATA_E_ORA_INIZIO,DATA_E_ORA_FINE) VALUES('0000000000000005',TO_DATE('31-07-2018 09:00:00','dd-mm-yyyy hh24:mi:ss'),TO_DATE('31-07-2018 18:00:00','dd-mm-yyyy hh24:mi:ss'));

INSERT INTO PERSONA(CODICE_FISCALE,NOME,COGNOME,DATA_NASCITA,SESSO,VIA,CITTA,CAP,CIVICO) VALUES('0000000000000006','CIT','OFONO',TO_DATE('07/01/1984','DD/MM/YYYY'),'M','MARTIN LUTER KING','AFRAGOLA','800021',1);
INSERT INTO DIPENDENTE(CF,DATA_ASSUNZIONE,STIPENDIO) VALUES('0000000000000006',TO_DATE('05/07/2018','DD/MM/YYYY'),900);
INSERT INTO TELEFONOPERSONA(CF,TELEFONO) VALUES ('0000000000000006','3330000006');
INSERT INTO PRESENZA(CF_DIP,DATA_E_ORA_INIZIO,DATA_E_ORA_FINE) VALUES('0000000000000006',TO_DATE('06-07-2018 09:00:00','dd-mm-yyyy hh24:mi:ss'),TO_DATE('06-07-2018 18:00:00','dd-mm-yyyy hh24:mi:ss'));
INSERT INTO PRESENZA(CF_DIP,DATA_E_ORA_INIZIO,DATA_E_ORA_FINE) VALUES('0000000000000006',TO_DATE('07-07-2018 09:00:00','dd-mm-yyyy hh24:mi:ss'),TO_DATE('07-07-2018 17:00:00','dd-mm-yyyy hh24:mi:ss'));
INSERT INTO PRESENZA(CF_DIP,DATA_E_ORA_INIZIO,DATA_E_ORA_FINE) VALUES('0000000000000006',TO_DATE('09-07-2018 09:00:00','dd-mm-yyyy hh24:mi:ss'),TO_DATE('09-07-2018 18:00:00','dd-mm-yyyy hh24:mi:ss'));
INSERT INTO PRESENZA(CF_DIP,DATA_E_ORA_INIZIO,DATA_E_ORA_FINE) VALUES('0000000000000006',TO_DATE('10-07-2018 09:00:00','dd-mm-yyyy hh24:mi:ss'),TO_DATE('10-07-2018 18:00:00','dd-mm-yyyy hh24:mi:ss'));
INSERT INTO PRESENZA(CF_DIP,DATA_E_ORA_INIZIO,DATA_E_ORA_FINE) VALUES('0000000000000006',TO_DATE('11-07-2018 09:00:00','dd-mm-yyyy hh24:mi:ss'),TO_DATE('11-07-2018 18:00:00','dd-mm-yyyy hh24:mi:ss'));
INSERT INTO PRESENZA(CF_DIP,DATA_E_ORA_INIZIO,DATA_E_ORA_FINE) VALUES('0000000000000006',TO_DATE('12-07-2018 09:00:00','dd-mm-yyyy hh24:mi:ss'),TO_DATE('12-07-2018 18:00:00','dd-mm-yyyy hh24:mi:ss'));
INSERT INTO PRESENZA(CF_DIP,DATA_E_ORA_INIZIO,DATA_E_ORA_FINE) VALUES('0000000000000006',TO_DATE('13-07-2018 09:00:00','dd-mm-yyyy hh24:mi:ss'),TO_DATE('13-07-2018 18:00:00','dd-mm-yyyy hh24:mi:ss'));
INSERT INTO PRESENZA(CF_DIP,DATA_E_ORA_INIZIO,DATA_E_ORA_FINE) VALUES('0000000000000006',TO_DATE('14-07-2018 09:00:00','dd-mm-yyyy hh24:mi:ss'),TO_DATE('14-07-2018 18:00:00','dd-mm-yyyy hh24:mi:ss'));
INSERT INTO PRESENZA(CF_DIP,DATA_E_ORA_INIZIO,DATA_E_ORA_FINE) VALUES('0000000000000006',TO_DATE('16-07-2018 09:00:00','dd-mm-yyyy hh24:mi:ss'),TO_DATE('16-07-2018 18:00:00','dd-mm-yyyy hh24:mi:ss'));
INSERT INTO PRESENZA(CF_DIP,DATA_E_ORA_INIZIO,DATA_E_ORA_FINE) VALUES('0000000000000006',TO_DATE('17-07-2018 09:00:00','dd-mm-yyyy hh24:mi:ss'),TO_DATE('17-07-2018 18:00:00','dd-mm-yyyy hh24:mi:ss'));
INSERT INTO PRESENZA(CF_DIP,DATA_E_ORA_INIZIO,DATA_E_ORA_FINE) VALUES('0000000000000006',TO_DATE('18-07-2018 09:00:00','dd-mm-yyyy hh24:mi:ss'),TO_DATE('18-07-2018 18:00:00','dd-mm-yyyy hh24:mi:ss'));
INSERT INTO PRESENZA(CF_DIP,DATA_E_ORA_INIZIO,DATA_E_ORA_FINE) VALUES('0000000000000006',TO_DATE('20-07-2018 09:00:00','dd-mm-yyyy hh24:mi:ss'),TO_DATE('20-07-2018 16:00:00','dd-mm-yyyy hh24:mi:ss'));
INSERT INTO PRESENZA(CF_DIP,DATA_E_ORA_INIZIO,DATA_E_ORA_FINE) VALUES('0000000000000006',TO_DATE('21-07-2018 09:00:00','dd-mm-yyyy hh24:mi:ss'),TO_DATE('21-07-2018 18:00:00','dd-mm-yyyy hh24:mi:ss'));
INSERT INTO PRESENZA(CF_DIP,DATA_E_ORA_INIZIO,DATA_E_ORA_FINE) VALUES('0000000000000006',TO_DATE('23-07-2018 09:00:00','dd-mm-yyyy hh24:mi:ss'),TO_DATE('23-07-2018 18:00:00','dd-mm-yyyy hh24:mi:ss'));
INSERT INTO PRESENZA(CF_DIP,DATA_E_ORA_INIZIO,DATA_E_ORA_FINE) VALUES('0000000000000006',TO_DATE('24-07-2018 09:00:00','dd-mm-yyyy hh24:mi:ss'),TO_DATE('24-07-2018 18:00:00','dd-mm-yyyy hh24:mi:ss'));
INSERT INTO PRESENZA(CF_DIP,DATA_E_ORA_INIZIO,DATA_E_ORA_FINE) VALUES('0000000000000006',TO_DATE('25-07-2018 09:00:00','dd-mm-yyyy hh24:mi:ss'),TO_DATE('25-07-2018 14:00:00','dd-mm-yyyy hh24:mi:ss'));
INSERT INTO PRESENZA(CF_DIP,DATA_E_ORA_INIZIO,DATA_E_ORA_FINE) VALUES('0000000000000006',TO_DATE('26-07-2018 09:00:00','dd-mm-yyyy hh24:mi:ss'),TO_DATE('26-07-2018 18:00:00','dd-mm-yyyy hh24:mi:ss'));
INSERT INTO PRESENZA(CF_DIP,DATA_E_ORA_INIZIO,DATA_E_ORA_FINE) VALUES('0000000000000006',TO_DATE('27-07-2018 09:00:00','dd-mm-yyyy hh24:mi:ss'),TO_DATE('27-07-2018 17:00:00','dd-mm-yyyy hh24:mi:ss'));
INSERT INTO PRESENZA(CF_DIP,DATA_E_ORA_INIZIO,DATA_E_ORA_FINE) VALUES('0000000000000006',TO_DATE('28-07-2018 09:00:00','dd-mm-yyyy hh24:mi:ss'),TO_DATE('28-07-2018 18:00:00','dd-mm-yyyy hh24:mi:ss'));
INSERT INTO PRESENZA(CF_DIP,DATA_E_ORA_INIZIO,DATA_E_ORA_FINE) VALUES('0000000000000006',TO_DATE('30-07-2018 09:00:00','dd-mm-yyyy hh24:mi:ss'),TO_DATE('30-07-2018 18:00:00','dd-mm-yyyy hh24:mi:ss'));
INSERT INTO PRESENZA(CF_DIP,DATA_E_ORA_INIZIO,DATA_E_ORA_FINE) VALUES('0000000000000006',TO_DATE('31-07-2018 09:00:00','dd-mm-yyyy hh24:mi:ss'),TO_DATE('31-07-2018 18:00:00','dd-mm-yyyy hh24:mi:ss'));

-- POPOLAMENTO FORNITORI
INSERT INTO FORNITORE(PIVA,NOME,IBAN) VALUES('00000000001','ELROASTCHESCOTTA','000000000000000000000000001');
INSERT INTO TELEFONOFORNITORI(PIVA,TELEFONO) VALUES ('00000000001','0810000001');
INSERT INTO FORNITORE(PIVA,NOME,IBAN) VALUES('00000000002','FRANKYPOCCI','000000000000000000000000002');
INSERT INTO TELEFONOFORNITORI(PIVA,TELEFONO) VALUES ('00000000002','0810000002');
INSERT INTO FORNITORE(PIVA,NOME,IBAN) VALUES('00000000003','VESUVIO','000000000000000000000000003');
INSERT INTO TELEFONOFORNITORI(PIVA,TELEFONO) VALUES ('00000000003','0810000003');
INSERT INTO FORNITORE(PIVA,NOME,IBAN) VALUES('00000000004','ETNA','000000000000000000000000004');
INSERT INTO TELEFONOFORNITORI(PIVA,TELEFONO) VALUES ('00000000004','0810000004');
INSERT INTO FORNITORE(PIVA,NOME,IBAN) VALUES('00000000005','QUADROELETTRICO','000000000000000000000000005');
INSERT INTO TELEFONOFORNITORI(PIVA,TELEFONO) VALUES ('00000000005','0810000005');
INSERT INTO FORNITORE(PIVA,NOME,IBAN) VALUES('00000000006','QUADROCORRENTE','000000000000000000000000006');
INSERT INTO TELEFONOFORNITORI(PIVA,TELEFONO) VALUES ('00000000006','0810000006');
INSERT INTO TELEFONOFORNITORI(PIVA,TELEFONO) VALUES ('00000000006','0810000007');

-- POPOLAMENTO FAMIGLIA ASSORTIMENTO

INSERT INTO FAMIGLIA_ASSORTIMENTO(IDFAMASS,IVA,NOME) VALUES (1,22,'ELETTRONICA E INFORMATICA');
INSERT INTO FAMIGLIA_ASSORTIMENTO(IDFAMASS,IVA,NOME) VALUES (2,10,'IMPIANTI E ATTREZZATURA SPORTIVA');
INSERT INTO FAMIGLIA_ASSORTIMENTO(IDFAMASS,IVA,NOME) VALUES (3,21,'ELETTRODOMESTICI');
INSERT INTO FAMIGLIA_ASSORTIMENTO(IDFAMASS,IVA,NOME) VALUES (4,21,'ATTREZZATURA PER GIARDINO');
INSERT INTO FAMIGLIA_ASSORTIMENTO(IDFAMASS,IVA,NOME) VALUES(5,21,'ARTICOLI DA VIAGGIO');
INSERT INTO FAMIGLIA_ASSORTIMENTO(IDFAMASS,IVA,NOME) VALUES(6,21,'ABBIGLIAMENTO,CALZATURE E ACCESSORI');

-- POPOLAMENTO ARTICOLI
 
INSERT INTO ARTICOLO(CODART,NOME,MARCA,IDFAMASS) VALUES (1,'S5','SAMSUNG',1);
INSERT INTO ARTICOLO(CODART,NOME,MARCA,IDFAMASS) VALUES (2,'NOTEBOOK','ACER',1);
INSERT INTO ARTICOLO(CODART,NOME,MARCA,IDFAMASS) VALUES (3,'TAGLIAERBA','GREENTAGLIA',4);
INSERT INTO ARTICOLO(CODART,NOME,MARCA,IDFAMASS) VALUES (4,'TRONCHESE','TRONCA',4);
INSERT INTO ARTICOLO(CODART,NOME,MARCA,IDFAMASS) VALUES (5,'TENDASNODY','KIPSTA',5);
INSERT INTO ARTICOLO(CODART,NOME,MARCA,IDFAMASS) VALUES (6,'VALIGIAINTESIX','ROASTINA',5);
INSERT INTO ARTICOLO(CODART,NOME,MARCA,IDFAMASS) VALUES (7,'AIRMAX','NIKE',6);
INSERT INTO ARTICOLO(CODART,NOME,MARCA,IDFAMASS) VALUES (8,'TIEMPO','ADIDAS',6);
INSERT INTO ARTICOLO(CODART,NOME,MARCA,IDFAMASS) VALUES (9,'GTX460','NVIDIA',1);
INSERT INTO ARTICOLO(CODART,NOME,MARCA,IDFAMASS) VALUES (10,'CASEOPTIMUSPRIME','CASESISTICA',1);
INSERT INTO ARTICOLO(CODART,NOME,MARCA,IDFAMASS) VALUES (11,'FALCE','ELCOMUNI',4);
INSERT INTO ARTICOLO(CODART,NOME,MARCA,IDFAMASS) VALUES (12,'PORTA3X3=9','GOAL!SIGONFIALARETE',2);
INSERT INTO ARTICOLO(CODART,NOME,MARCA,IDFAMASS) VALUES (13,'CINESINI','CINESINIEGIAPPONESINI',2);
INSERT INTO ARTICOLO(CODART,NOME,MARCA,IDFAMASS) VALUES (14,'LAVATRICE','SAMSUNG',3);
INSERT INTO ARTICOLO(CODART,NOME,MARCA,IDFAMASS) VALUES (15,'FORNOPIZZAGOGO','CALDOFORNOFREDDOFRIGO',3);
INSERT INTO ARTICOLO(CODART,NOME,MARCA,IDFAMASS) VALUES (16,'IPHONEX','APPLE',1);
INSERT INTO ARTICOLO(CODART,NOME,MARCA,IDFAMASS) VALUES (17,'PCCOMBATT','ASUS',1);
INSERT INTO ARTICOLO(CODART,NOME,MARCA,IDFAMASS) VALUES (18,'TAGLIAERBAFRUSTICI','TAGLIAROAST',4);
INSERT INTO ARTICOLO(CODART,NOME,MARCA,IDFAMASS) VALUES (19,'POMPAACQUA','SPRUZZASPRUZZA',4);
INSERT INTO ARTICOLO(CODART,NOME,MARCA,IDFAMASS) VALUES (20,'SACCOAPELOCALDO','PELURIA',5);
INSERT INTO ARTICOLO(CODART,NOME,MARCA,IDFAMASS) VALUES (21,'TROLLEYBOBBYDI','5587',5);
INSERT INTO ARTICOLO(CODART,NOME,MARCA,IDFAMASS) VALUES (22,'CLASSICH','HOGAN',6);
INSERT INTO ARTICOLO(CODART,NOME,MARCA,IDFAMASS) VALUES (23,'PREDATOR','ADIDAS',6);
INSERT INTO ARTICOLO(CODART,NOME,MARCA,IDFAMASS) VALUES (24,'I5COREX','INTEL',1);
INSERT INTO ARTICOLO(CODART,NOME,MARCA,IDFAMASS) VALUES (25,'CUFFIEXR','LOGITEX',1);
INSERT INTO ARTICOLO(CODART,NOME,MARCA,IDFAMASS) VALUES (26,'MARTELLO','TOST- TOST',4);
INSERT INTO ARTICOLO(CODART,NOME,MARCA,IDFAMASS) VALUES (27,'RETEPALLAVOLOW3','GOAL!SIGONFIALARETE',2);
INSERT INTO ARTICOLO(CODART,NOME,MARCA,IDFAMASS) VALUES (28,'PALLONEMUNDIAL','CINESINIEGIAPPONESINI',2);
INSERT INTO ARTICOLO(CODART,NOME,MARCA,IDFAMASS) VALUES (29,'FRIGRO302','RETIX',3);
INSERT INTO ARTICOLO(CODART,NOME,MARCA,IDFAMASS) VALUES (30,'VENTILATORE','CHECALOR',3);

-- POPOLAMENTO FATTURA E DETTAGLI FATTURE
 
INSERT INTO FATTURA(DATA_EMISSIONE,DATA_SCADENZA,PIVA,CF_DIP) VALUES ( TO_DATE('04-06-2018','DD-MM-YYYY'), TO_DATE('04-10-2018','DD-MM- YYYY'),'00000000001','0000000000000004');
INSERT INTO CONTIENE(PIVA,DATA_EMISSIONE,QTACQUISTATA,CODART,PREZZOCU)VALUES('00000000001',TO_DATE('04-06-2018','DD-MM-YYYY'),40,26,2);
INSERT INTO CONTIENE(PIVA,DATA_EMISSIONE,QTACQUISTATA,CODART,PREZZOCU)VALUES('00000000001',TO_DATE('04-06-2018','DD-MM-YYYY'),40,27,15);
INSERT INTO CONTIENE(PIVA,DATA_EMISSIONE,QTACQUISTATA,CODART,PREZZOCU)VALUES('00000000001',TO_DATE('04-06-2018','DD-MM-YYYY'),40,28,2.50);
INSERT INTO CONTIENE(PIVA,DATA_EMISSIONE,QTACQUISTATA,CODART,PREZZOCU)VALUES('00000000001',TO_DATE('04-06-2018','DD-MM-YYYY'),40,29,352);
INSERT INTO CONTIENE(PIVA,DATA_EMISSIONE,QTACQUISTATA,CODART,PREZZOCU)VALUES('00000000001',TO_DATE('04-06-2018','DD-MM-YYYY'),40,30,22);
INSERT INTO FATTURA(DATA_EMISSIONE,DATA_SCADENZA,PIVA,CF_DIP) VALUES ( TO_DATE('11-06-2018','DD-MM-YYYY'), TO_DATE('11-10-2018','DD-MM- YYYY'),'00000000003','0000000000000003');
INSERT INTO CONTIENE(PIVA,DATA_EMISSIONE,QTACQUISTATA,CODART,PREZZOCU)VALUES('00000000003',TO_DATE('11-06-2018','DD-MM-YYYY'),40,22,110);
INSERT INTO CONTIENE(PIVA,DATA_EMISSIONE,QTACQUISTATA,CODART,PREZZOCU)VALUES('00000000003',TO_DATE('11-06-2018','DD-MM-YYYY'),40,23,35);
INSERT INTO CONTIENE(PIVA,DATA_EMISSIONE,QTACQUISTATA,CODART,PREZZOCU)VALUES('00000000003',TO_DATE('11-06-2018','DD-MM-YYYY'),40,24,56);
INSERT INTO CONTIENE(PIVA,DATA_EMISSIONE,QTACQUISTATA,CODART,PREZZOCU)VALUES('00000000003',TO_DATE('11-06-2018','DD-MM-YYYY'),40,25,11.50);
INSERT INTO FATTURA(DATA_EMISSIONE,DATA_SCADENZA,PIVA,CF_DIP) VALUES ( TO_DATE('11-06-2018','DD-MM-YYYY'), TO_DATE('20-11-2018','DD-MM- YYYY'),'00000000006','0000000000000001');
INSERT INTO CONTIENE(PIVA,DATA_EMISSIONE,QTACQUISTATA,CODART,PREZZOCU)VALUES('00000000006',TO_DATE('11-06-2018','DD-MM-YYYY'),40,1,300);
INSERT INTO CONTIENE(PIVA,DATA_EMISSIONE,QTACQUISTATA,CODART,PREZZOCU)VALUES('00000000006',TO_DATE('11-06-2018','DD-MM-YYYY'),40,2,350);
INSERT INTO CONTIENE(PIVA,DATA_EMISSIONE,QTACQUISTATA,CODART,PREZZOCU)VALUES('00000000006',TO_DATE('11-06-2018','DD-MM-YYYY'),40,3,80);
INSERT INTO CONTIENE(PIVA,DATA_EMISSIONE,QTACQUISTATA,CODART,PREZZOCU)VALUES('00000000006',TO_DATE('11-06-2018','DD-MM-YYYY'),40,4,5);
INSERT INTO CONTIENE(PIVA,DATA_EMISSIONE,QTACQUISTATA,CODART,PREZZOCU)VALUES('00000000006',TO_DATE('11-06-2018','DD-MM-YYYY'),40,5,35);
INSERT INTO FATTURA(DATA_EMISSIONE,DATA_SCADENZA,PIVA,CF_DIP) VALUES ( TO_DATE('12-06-2018','DD-MM-YYYY'), TO_DATE('04-12-2018','DD-MM- YYYY'),'00000000003','0000000000000001');
INSERT INTO CONTIENE(PIVA,DATA_EMISSIONE,QTACQUISTATA,CODART,PREZZOCU)VALUES('00000000003',TO_DATE('12-06-2018','DD-MM-YYYY'),40,11,6);
INSERT INTO CONTIENE(PIVA,DATA_EMISSIONE,QTACQUISTATA,CODART,PREZZOCU)VALUES('00000000003', TO_DATE('12-06-2018','DD-MM-YYYY'),40,12,35); 
INSERT INTO CONTIENE(PIVA,DATA_EMISSIONE,QTACQUISTATA,CODART,PREZZOCU)VALUES('00000000003',TO_DATE('12-06-2018','DD-MM-YYYY'),40,13,5);
INSERT INTO CONTIENE(PIVA,DATA_EMISSIONE,QTACQUISTATA,CODART,PREZZOCU)VALUES('00000000003',TO_DATE('12-06-2018','DD-MM-YYYY'),40,14,220);
INSERT INTO CONTIENE(PIVA,DATA_EMISSIONE,QTACQUISTATA,CODART,PREZZOCU)VALUES('00000000003',TO_DATE('12-06-2018','DD-MM-YYYY'),40,15,350);
INSERT INTO CONTIENE(PIVA,DATA_EMISSIONE,QTACQUISTATA,CODART,PREZZOCU)VALUES('00000000003',TO_DATE('12-06-2018','DD-MM-YYYY'),40,16,600);
INSERT INTO CONTIENE(PIVA,DATA_EMISSIONE,QTACQUISTATA,CODART,PREZZOCU)VALUES('00000000003',TO_DATE('12-06-2018','DD-MM-YYYY'),40,17,200);
INSERT INTO CONTIENE(PIVA,DATA_EMISSIONE,QTACQUISTATA,CODART,PREZZOCU)VALUES('00000000003',TO_DATE('12-06-2018','DD-MM-YYYY'),40,18,98);
INSERT INTO FATTURA(DATA_EMISSIONE,DATA_SCADENZA,PIVA,CF_DIP) VALUES ( TO_DATE('18-07-2018','DD-MM-YYYY'), TO_DATE('18-12-2018','DD-MM- YYYY'),'00000000002','0000000000000003');
INSERT INTO CONTIENE(PIVA,DATA_EMISSIONE,QTACQUISTATA,CODART,PREZZOCU)VALUES('00000000002',TO_DATE('18-07-2018','DD-MM-YYYY'),40,19,26);
INSERT INTO CONTIENE(PIVA,DATA_EMISSIONE,QTACQUISTATA,CODART,PREZZOCU)VALUES('00000000002',TO_DATE('18-07-2018','DD-MM-YYYY'),40,20,10);
INSERT INTO CONTIENE(PIVA,DATA_EMISSIONE,QTACQUISTATA,CODART,PREZZOCU)VALUES('00000000002',TO_DATE('18-07-2018','DD-MM-YYYY'),40,21,10);
INSERT INTO FATTURA(DATA_EMISSIONE,DATA_SCADENZA,PIVA,CF_DIP) VALUES ( TO_DATE('20-07-2018','DD-MM-YYYY'), TO_DATE('20-09-2018','DD-MM- YYYY'),'00000000004','0000000000000002');
INSERT INTO CONTIENE(PIVA,DATA_EMISSIONE,QTACQUISTATA,CODART,PREZZOCU)VALUES('00000000004',TO_DATE('20-07-2018','DD-MM-YYYY'),40,6,35);
INSERT INTO CONTIENE(PIVA,DATA_EMISSIONE,QTACQUISTATA,CODART,PREZZOCU)VALUES('00000000004',TO_DATE('20-07-2018','DD-MM-YYYY'),40,7,110);
INSERT INTO CONTIENE(PIVA,DATA_EMISSIONE,QTACQUISTATA,CODART,PREZZOCU)VALUES('00000000004',TO_DATE('20-07-2018','DD-MM-YYYY'),40,8,35);
INSERT INTO CONTIENE(PIVA,DATA_EMISSIONE,QTACQUISTATA,CODART,PREZZOCU)VALUES('00000000004',TO_DATE('20-07-2018','DD-MM-YYYY'),40,9,120);
INSERT INTO CONTIENE(PIVA,DATA_EMISSIONE,QTACQUISTATA,CODART,PREZZOCU)VALUES('00000000004',TO_DATE('20-07-2018','DD-MM-YYYY'),40,10,25);
INSERT INTO FATTURA(DATA_EMISSIONE,DATA_SCADENZA,PIVA,CF_DIP) VALUES ( TO_DATE('05-08-2018','DD-MM-YYYY'), TO_DATE('20-11-2018','DD-MM- YYYY'),'00000000003','0000000000000004');
INSERT INTO CONTIENE(PIVA,DATA_EMISSIONE,QTACQUISTATA,CODART,PREZZOCU)VALUES('00000000003',TO_DATE('05-08-2018','DD-MM-YYYY'),40,1,35);
INSERT INTO CONTIENE(PIVA,DATA_EMISSIONE,QTACQUISTATA,CODART,PREZZOCU)VALUES('00000000003',TO_DATE('05-08-2018','DD-MM-YYYY'),40,10,110);
INSERT INTO CONTIENE(PIVA,DATA_EMISSIONE,QTACQUISTATA,CODART,PREZZOCU)VALUES('00000000003',TO_DATE('05-08-2018','DD-MM-YYYY'),40,20,35);
INSERT INTO CONTIENE(PIVA,DATA_EMISSIONE,QTACQUISTATA,CODART,PREZZOCU)VALUES('00000000003',TO_DATE('05-08-2018','DD-MM-YYYY'),40,30,120);
INSERT INTO CONTIENE(PIVA,DATA_EMISSIONE,QTACQUISTATA,CODART,PREZZOCU)VALUES('00000000003',TO_DATE('05-08-2018','DD-MM-YYYY'),40,16,25);

-- POPOLAMENTO MOVIMENTO E DETTAGLIO DEI MOVIMENTI

INSERT INTO MOVIMENTO(COD_MOVIMENTO,DATA_STAMPA,CF_DIP) VALUES (1,TO_DATE('01-07-2018','DD-MM-YYYY'),'0000000000000002');
INSERT INTO RIGUARDA(COD_MOVIMENTO,CODART,QTVENDUTA) VALUES(1,27,15);
INSERT INTO RIGUARDA(COD_MOVIMENTO,CODART,QTVENDUTA) VALUES(1,12,12);
INSERT INTO RIGUARDA(COD_MOVIMENTO,CODART,QTVENDUTA) VALUES(1,17,4);
INSERT INTO RIGUARDA(COD_MOVIMENTO,CODART,QTVENDUTA) VALUES(1,15,21);
INSERT INTO RIGUARDA(COD_MOVIMENTO,CODART,QTVENDUTA) VALUES(1,5,22);
INSERT INTO RIGUARDA(COD_MOVIMENTO,CODART,QTVENDUTA) VALUES(1,13,3);
INSERT INTO RIGUARDA(COD_MOVIMENTO,CODART,QTVENDUTA) VALUES(1,3,31);
INSERT INTO RIGUARDA(COD_MOVIMENTO,CODART,QTVENDUTA) VALUES(1,11,24);
INSERT INTO RIGUARDA(COD_MOVIMENTO,CODART,QTVENDUTA) VALUES(1,1,1);
INSERT INTO RIGUARDA(COD_MOVIMENTO,CODART,QTVENDUTA) VALUES(1,30,5);
INSERT INTO MOVIMENTO(COD_MOVIMENTO,DATA_STAMPA,CF_DIP) VALUES (2,TO_DATE('01-08-2018','DD-MM-YYYY'),'0000000000000006');
INSERT INTO RIGUARDA(COD_MOVIMENTO,CODART,QTVENDUTA) VALUES(2,27,3);
INSERT INTO RIGUARDA(COD_MOVIMENTO,CODART,QTVENDUTA) VALUES(2,12,11);
INSERT INTO RIGUARDA(COD_MOVIMENTO,CODART,QTVENDUTA) VALUES(2,17,11);
INSERT INTO RIGUARDA(COD_MOVIMENTO,CODART,QTVENDUTA) VALUES(2,15,3);
INSERT INTO RIGUARDA(COD_MOVIMENTO,CODART,QTVENDUTA) VALUES(2,5,10);
INSERT INTO RIGUARDA(COD_MOVIMENTO,CODART,QTVENDUTA) VALUES(2,13,17);
INSERT INTO RIGUARDA(COD_MOVIMENTO,CODART,QTVENDUTA) VALUES(2,3,1);
INSERT INTO RIGUARDA(COD_MOVIMENTO,CODART,QTVENDUTA) VALUES(2,11,6);
INSERT INTO RIGUARDA(COD_MOVIMENTO,CODART,QTVENDUTA) VALUES(2,1,22);
INSERT INTO RIGUARDA(COD_MOVIMENTO,CODART,QTVENDUTA) VALUES(2,30,6);
INSERT INTO RIGUARDA(COD_MOVIMENTO,CODART,QTVENDUTA) VALUES(2,26,8);
INSERT INTO RIGUARDA(COD_MOVIMENTO,CODART,QTVENDUTA) VALUES(2,25,16);
INSERT INTO RIGUARDA(COD_MOVIMENTO,CODART,QTVENDUTA) VALUES(2,4,10);
INSERT INTO RIGUARDA(COD_MOVIMENTO,CODART,QTVENDUTA) VALUES(2,19,26);
INSERT INTO RIGUARDA(COD_MOVIMENTO,CODART,QTVENDUTA) VALUES(2,21,6);
INSERT INTO RIGUARDA(COD_MOVIMENTO,CODART,QTVENDUTA) VALUES(2,7,33);
INSERT INTO RIGUARDA(COD_MOVIMENTO,CODART,QTVENDUTA) VALUES(2,8,17);
INSERT INTO RIGUARDA(COD_MOVIMENTO,CODART,QTVENDUTA) VALUES(2,9,2);
INSERT INTO RIGUARDA(COD_MOVIMENTO,CODART,QTVENDUTA) VALUES(2,10,12);

--POPOLAMENTO ESPERTO/TELEFONOESPERTO
INSERT INTO ESPERTO(NOME,COGNOME,CF,CF_DIP)VALUES('CRISTIANO','FERRARA','0000000000000101','0000000000000003');
INSERT INTO TELEFONOESPERTO(CF_ESP,TELEFONO) VALUES('0000000000000101','3334455666');
INSERT INTO ESPERTO(NOME,COGNOME,CF,CF_DIP)VALUES('PAOLO','DI RAUSO','0000000000000102','0000000000000003');
INSERT INTO TELEFONOESPERTO(CF_ESP,TELEFONO) VALUES('0000000000000102','3334455777');
INSERT INTO ESPERTO(NOME,COGNOME,CF,CF_DIP)VALUES('VITO','GAETA','0000000000000103','0000000000000001');
INSERT INTO TELEFONOESPERTO(CF_ESP,TELEFONO) VALUES('0000000000000103','3334455888');
INSERT INTO ESPERTO(NOME,COGNOME,CF,CF_DIP)VALUES('ALBERTO','FONDI','0000000000000104','0000000000000002');
INSERT INTO TELEFONOESPERTO(CF_ESP,TELEFONO) VALUES('0000000000000104','3334455999');
INSERT INTO ESPERTO(NOME,COGNOME,CF,CF_DIP)VALUES('CARMINE','PISCITELLI','0000000000000105','0000000000000001');
INSERT INTO TELEFONOESPERTO(CF_ESP,TELEFONO) VALUES('0000000000000105','3334455000');
INSERT INTO ESPERTO(NOME,COGNOME,CF,CF_DIP)VALUES('SIMONA','IZZO','0000000000000106','0000000000000004');
INSERT INTO TELEFONOESPERTO(CF_ESP,TELEFONO) VALUES('0000000000000106','3334455123');


--POPOLAMENTO CONSULENZA
INSERT INTO CONSULENZA(COD_CONSULENZA,CF_ESPERTO,DATAPAGAMENTO,DATACONSULENZA,LIVUSURASTIMATO,STIMAIMPORTO) VALUES('1100000000','0000000000000101',TO_DATE('14-06-2018','DD-MM-YYYY'),TO_DATE('12-06-2018','DD-MM-YYYY'),'B',310);
INSERT INTO CONSULENZA(COD_CONSULENZA,CF_ESPERTO,DATAPAGAMENTO,DATACONSULENZA,LIVUSURASTIMATO,STIMAIMPORTO) VALUES('1200000000','0000000000000102',TO_DATE('16-07-2018','DD-MM-YYYY'),TO_DATE('14-07-2018','DD-MM-YYYY'),'A',440);
INSERT INTO CONSULENZA(COD_CONSULENZA,CF_ESPERTO,DATAPAGAMENTO,DATACONSULENZA,LIVUSURASTIMATO,STIMAIMPORTO) VALUES('1300000000','0000000000000103',TO_DATE('08-06-2018','DD-MM-YYYY'),TO_DATE('06-06-2018','DD-MM-YYYY'),'C',130);
INSERT INTO CONSULENZA(COD_CONSULENZA,CF_ESPERTO,DATAPAGAMENTO,DATACONSULENZA,LIVUSURASTIMATO,STIMAIMPORTO) VALUES('1400000000','0000000000000101',TO_DATE('13-08-2018','DD-MM-YYYY'),TO_DATE('11-08-2018','DD-MM-YYYY'),'B',90);
INSERT INTO CONSULENZA(COD_CONSULENZA,CF_ESPERTO,DATAPAGAMENTO,DATACONSULENZA,LIVUSURASTIMATO,STIMAIMPORTO) VALUES('1500000000','0000000000000103',TO_DATE('20-05-2018','DD-MM-YYYY'),TO_DATE('18-05-2018','DD-MM-YYYY'),'B',370);
INSERT INTO CONSULENZA(COD_CONSULENZA,CF_ESPERTO,DATAPAGAMENTO,DATACONSULENZA,LIVUSURASTIMATO,STIMAIMPORTO) VALUES('1600000000','0000000000000104',TO_DATE('25-07-2018','DD-MM-YYYY'),TO_DATE('23-07-2018','DD-MM-YYYY'),'A',400);
INSERT INTO CONSULENZA(COD_CONSULENZA,CF_ESPERTO,DATAPAGAMENTO,DATACONSULENZA,LIVUSURASTIMATO,STIMAIMPORTO) VALUES('1700000000','0000000000000106',TO_DATE('25-05-2018','DD-MM-YYYY'),TO_DATE('23-05-2018','DD-MM-YYYY'),'A',60);
INSERT INTO CONSULENZA(COD_CONSULENZA,CF_ESPERTO,DATAPAGAMENTO,DATACONSULENZA,LIVUSURASTIMATO,STIMAIMPORTO) VALUES('1900000000','0000000000000105',TO_DATE('28-06-2018','DD-MM-YYYY'),TO_DATE('26-06-2018','DD-MM-YYYY'),'C',80);
INSERT INTO CONSULENZA(COD_CONSULENZA,CF_ESPERTO,DATAPAGAMENTO,DATACONSULENZA,LIVUSURASTIMATO,STIMAIMPORTO) VALUES('1800000000','0000000000000106',TO_DATE('23-05-2018','DD-MM-YYYY'),TO_DATE('21-05-2018','DD-MM-YYYY'),'B',700);
INSERT INTO CONSULENZA(COD_CONSULENZA,CF_ESPERTO,DATAPAGAMENTO,DATACONSULENZA,LIVUSURASTIMATO,STIMAIMPORTO) VALUES('2000000000','0000000000000105',TO_DATE('13-07-2018','DD-MM-YYYY'),TO_DATE('11-07-2018','DD-MM-YYYY'),'B',290);
INSERT INTO CONSULENZA(COD_CONSULENZA,CF_ESPERTO,DATAPAGAMENTO,DATACONSULENZA,LIVUSURASTIMATO,STIMAIMPORTO) VALUES('2100000000','0000000000000102',TO_DATE('21-07-2018','DD-MM-YYYY'),TO_DATE('19-07-2018','DD-MM-YYYY'),'A',250);
INSERT INTO CONSULENZA(COD_CONSULENZA,CF_ESPERTO,DATAPAGAMENTO,DATACONSULENZA,LIVUSURASTIMATO,STIMAIMPORTO) VALUES('2200000000','0000000000000102',TO_DATE('26-07-2018','DD-MM-YYYY'),TO_DATE('24-07-2018','DD-MM-YYYY'),'A',400);

-- POPOLAMENTO CLIENTI, PEGNO,RISCATTO

INSERT INTO PERSONA(CODICE_FISCALE,NOME,COGNOME,DATA_NASCITA,SESSO) VALUES('0000000000000007','PASQUALE','PIPPONE',TO_DATE('21/12/1975','DD/MM/YYYY'),'M');
INSERT INTO CLIENTE(CF,DATA_REGISTRAZIONE)VALUES('0000000000000007',TO_DATE('12-06- 2018','DD-MM-YYYY'));
INSERT INTO PEGNO(COD_PEGNO,CF_DIP,CF_CLI,DATA_PEGNO,IMPORTO) VALUES(1,'0000000000000002','0000000000000007',TO_DATE('12-06-2018','DD-MM-YYYY'),303.15);
INSERT INTO PEGNO(COD_PEGNO,CF_DIP,CF_CLI,DATA_PEGNO,IMPORTO) VALUES(12,'0000000000000004','0000000000000007',TO_DATE('14-07-2018','DD-MM-YYYY'),432);
INSERT INTO PERSONA(CODICE_FISCALE,NOME,COGNOME,DATA_NASCITA,SESSO) VALUES('0000000000000008','ANNA','ROSMARINO',TO_DATE('21/12/1998','DD/MM/YYYY '),'F');
INSERT INTO CLIENTE(CF,DATA_REGISTRAZIONE)VALUES('0000000000000008',TO_DATE('06-06- 2018','DD-MM-YYYY'));
INSERT INTO PEGNO(COD_PEGNO,CF_DIP,CF_CLI,DATA_PEGNO,IMPORTO) VALUES(2,'0000000000000001','0000000000000008',TO_DATE('06-06-2018','DD-MM-YYYY'),128);
INSERT INTO RISCATTO(COD_RISCATTO,COD_PEGNO,DATA_RISCATTO,MATURATO,CF_DIP)VALUES(1,2,TO_DATE('19-07-2018','DD-MM-YYYY'),147.20,'0000000000000006');
INSERT INTO PEGNO(COD_PEGNO,CF_DIP,CF_CLI,DATA_PEGNO,IMPORTO) VALUES(11,'0000000000000005','0000000000000008',TO_DATE('11-08-2018','DD-MM-YYYY'),70);
INSERT INTO PERSONA(CODICE_FISCALE,NOME,COGNOME,DATA_NASCITA,SESSO) VALUES('0000000000000009','ROBERTO','CARLOS',TO_DATE('08/09/1986','DD/MM/YYYY '),'M');
INSERT INTO CLIENTE(CF,DATA_REGISTRAZIONE)VALUES('0000000000000009',TO_DATE('18-05- 2018','DD-MM-YYYY'));
INSERT INTO PEGNO(COD_PEGNO,CF_DIP,CF_CLI,DATA_PEGNO,IMPORTO) VALUES(3,'0000000000000001','0000000000000009',TO_DATE('18-05-2018','DD-MM-YYYY'),325);
INSERT INTO PEGNO(COD_PEGNO,CF_DIP,CF_CLI,DATA_PEGNO,IMPORTO)VALUES(10,'0000000000000005','0000000000000009',TO_DATE('23-07-2018','DD-MM-YYYY'),350);
INSERT INTO PERSONA(CODICE_FISCALE,NOME,COGNOME,DATA_NASCITA,SESSO) VALUES('0000000000000010','AMANDA','ROSBOPOLITANA',TO_DATE('04/07/1958','DD/MM/YYYY'),'F');
INSERT INTO CLIENTE(CF,DATA_REGISTRAZIONE)VALUES('0000000000000010',TO_DATE('23-05- 2018','DD-MM-YYYY'));
INSERT INTO PEGNO(COD_PEGNO,CF_DIP,CF_CLI,DATA_PEGNO,IMPORTO) VALUES(4,'0000000000000001','0000000000000010',TO_DATE('23-05-2018','DD-MM-YYYY'),50);
INSERT INTO PEGNO(COD_PEGNO,CF_DIP,CF_CLI,DATA_PEGNO,IMPORTO) VALUES(9,'0000000000000004','0000000000000010',TO_DATE('26-06-2018','DD-MM-YYYY'),49);
INSERT INTO RISCATTO(COD_RISCATTO,COD_PEGNO,DATA_RISCATTO,MATURATO,CF_DIP)VALUES(3,9,TO_DATE('19-08-2018','DD-MM-YYYY'),58.80,'0000000000000004');
INSERT INTO PERSONA(CODICE_FISCALE,NOME,COGNOME,DATA_NASCITA,SESSO) VALUES('0000000000000011','PIEDONE','LOSBIRRO',TO_DATE('06/06/1978','DD/MM/YYYY'),'M');
INSERT INTO CLIENTE(CF,DATA_REGISTRAZIONE)VALUES('0000000000000011',TO_DATE('21-05- 2018','DD-MM-YYYY'));
INSERT INTO PEGNO(COD_PEGNO,CF_DIP,CF_CLI,DATA_PEGNO,IMPORTO) VALUES(5,'0000000000000001','0000000000000011',TO_DATE('21-05-2018','DD-MM-YYYY'),580);
INSERT INTO PEGNO(COD_PEGNO,CF_DIP,CF_CLI,DATA_PEGNO,IMPORTO) VALUES(8,'0000000000000004','0000000000000011',TO_DATE('11-07-2018','DD-MM-YYYY'),225);
INSERT INTO PERSONA(CODICE_FISCALE,NOME,COGNOME,DATA_NASCITA,SESSO) VALUES('0000000000000012','PIPPO','BAUDO',TO_DATE('21/12/1946','DD/MM/YYYY'), 'M');
INSERT INTO CLIENTE(CF,DATA_REGISTRAZIONE)VALUES('0000000000000012',TO_DATE('19-07- 018','DD-MM-YYYY'));
INSERT INTO PEGNO(COD_PEGNO,CF_DIP,CF_CLI,DATA_PEGNO,IMPORTO) VALUES(6,'0000000000000003','0000000000000012',TO_DATE('19-07-2018','DD-MM- YYYY'),226);
INSERT INTO RISCATTO(COD_RISCATTO,COD_PEGNO,DATA_RISCATTO,MATURATO,CF_DIP)VALUES(4,6,TO_DATE('19-08-2018','DD-MM-YYYY'),259.9,'0000000000000003');
INSERT INTO PEGNO(COD_PEGNO,CF_DIP,CF_CLI,DATA_PEGNO,IMPORTO) VALUES(7,'0000000000000005','0000000000000012',TO_DATE('24-07-2018','DD-MM-YYYY'),366);


INSERT INTO OGGETTO(COD_PEGNO,COD_OGGETTO,TIPO,MARCA,MODELLO,MATERIALE,COD_CONSULENZA)VALUES(1,'0000000000','0','SAMSUNG','S10','ALLUMINIO','1100000000');
INSERT INTO OGGETTO(COD_PEGNO,COD_OGGETTO,TIPO,MARCA,MODELLO,MATERIALE,COD_CONSULENZA)VALUES(12,'0000000001','1','BROSWAY','COLLANA','ORO','1200000000');
INSERT INTO OGGETTO(COD_PEGNO,COD_OGGETTO,TIPO,MARCA,MODELLO,MATERIALE,COD_CONSULENZA)VALUES(2,'0000000002','0','APPLE','IPHONE5','ALLUMINIO','1300000000'); 
INSERT INTO OGGETTO(COD_PEGNO,COD_OGGETTO,TIPO,MARCA,MODELLO,MATERIALE,COD_CONSULENZA)VALUES(11,'0000000003','1','PANDORA','ANELLO','ARGENTO','1400000000');
INSERT INTO OGGETTO(COD_PEGNO,COD_OGGETTO,TIPO,MARCA,MODELLO,MATERIALE,COD_CONSULENZA)VALUES(3,'0000000004','1','MORELLATO','ORECCHINI','ORO','1500000000');
INSERT INTO OGGETTO(COD_PEGNO,COD_OGGETTO,TIPO,MARCA,MODELLO,MATERIALE,COD_CONSULENZA)VALUES(10,'0000000011','1','ROLEX','IMPERIAL','ORO','1600000000');
INSERT INTO OGGETTO(COD_PEGNO,COD_OGGETTO,TIPO,MARCA,MODELLO,MATERIALE,COD_CONSULENZA)VALUES(4,'0000000010','1','FESTINA','COLLANA','ARGENTO','1700000000'); 
INSERT INTO OGGETTO(COD_PEGNO,COD_OGGETTO,TIPO,MARCA,MODELLO,MATERIALE,COD_CONSULENZA)VALUES(9,'0000000009','1','PANDORA','CHARM','ARGENTO','1800000000');
INSERT INTO OGGETTO(COD_PEGNO,COD_OGGETTO,TIPO,MARCA,MODELLO,MATERIALE,COD_CONSULENZA)VALUES(5,'0000000008','0','PLAYSTATION','PS4','PLASTICA','1900000000');
INSERT INTO OGGETTO(COD_PEGNO,COD_OGGETTO,TIPO,MARCA,MODELLO,MATERIALE,COD_CONSULENZA)VALUES(8,'0000000007','1','SWATCH','OROLOGIO','ACCIAIO','2000000000');
INSERT INTO OGGETTO(COD_PEGNO,COD_OGGETTO,TIPO,MARCA,MODELLO,MATERIALE,COD_CONSULENZA)VALUES(6,'0000000006','0','NVIDIA','GTX1080TI','ALLUMINIO','2100000000');
INSERT INTO OGGETTO(COD_PEGNO,COD_OGGETTO,TIPO,MARCA,MODELLO,MATERIALE,COD_CONSULENZA)VALUES(7,'0000000005','1','DW','ANELLO','DIAMANTE','2200000000');

--POPOLAMENTO CATEGORIA
INSERT INTO CATEGORIA(NOME,IVA) VALUES('ELETTRONICA',22);
INSERT INTO CATEGORIA(NOME,IVA) VALUES('PREZIOSI',27);
INSERT INTO CATEGORIA(NOME,IVA) VALUES('ARTE',25);
INSERT INTO CATEGORIA(NOME,IVA) VALUES('OGGETTI_VINTAGE',23);
INSERT INTO CATEGORIA(NOME,IVA) VALUES('CIMELI_SPORT',21);

--POPOLAMENTO VALUTA
INSERT INTO VALUTA(CF_ESPERTO,TARIFFA,NOME_CAT) VALUES ('0000000000000101',30,'ELETTRONICA');
INSERT INTO VALUTA(CF_ESPERTO,TARIFFA,NOME_CAT) VALUES ('0000000000000101',40,'PREZIOSI');
INSERT INTO VALUTA(CF_ESPERTO,TARIFFA,NOME_CAT) VALUES ('0000000000000101',20,'ARTE');
INSERT INTO VALUTA(CF_ESPERTO,TARIFFA,NOME_CAT) VALUES ('0000000000000101',15,'OGGETTI_VINTAGE');
INSERT INTO VALUTA(CF_ESPERTO,TARIFFA,NOME_CAT) VALUES ('0000000000000101',25,'CIMELI_SPORT');

INSERT INTO VALUTA(CF_ESPERTO,TARIFFA,NOME_CAT) VALUES ('0000000000000102',35,'ELETTRONICA');
INSERT INTO VALUTA(CF_ESPERTO,TARIFFA,NOME_CAT) VALUES ('0000000000000102',41,'PREZIOSI');
INSERT INTO VALUTA(CF_ESPERTO,TARIFFA,NOME_CAT) VALUES ('0000000000000102',22,'ARTE');
INSERT INTO VALUTA(CF_ESPERTO,TARIFFA,NOME_CAT) VALUES ('0000000000000102',16,'OGGETTI_VINTAGE');
INSERT INTO VALUTA(CF_ESPERTO,TARIFFA,NOME_CAT) VALUES ('0000000000000102',20,'CIMELI_SPORT');

INSERT INTO VALUTA(CF_ESPERTO,TARIFFA,NOME_CAT) VALUES ('0000000000000103',10,'ELETTRONICA');
INSERT INTO VALUTA(CF_ESPERTO,TARIFFA,NOME_CAT) VALUES ('0000000000000103',20,'PREZIOSI');
INSERT INTO VALUTA(CF_ESPERTO,TARIFFA,NOME_CAT) VALUES ('0000000000000103',20,'ARTE');
INSERT INTO VALUTA(CF_ESPERTO,TARIFFA,NOME_CAT) VALUES ('0000000000000103',15,'OGGETTI_VINTAGE');
INSERT INTO VALUTA(CF_ESPERTO,TARIFFA,NOME_CAT) VALUES ('0000000000000103',25,'CIMELI_SPORT');

INSERT INTO VALUTA(CF_ESPERTO,TARIFFA,NOME_CAT) VALUES ('0000000000000104',50,'ELETTRONICA');
INSERT INTO VALUTA(CF_ESPERTO,TARIFFA,NOME_CAT) VALUES ('0000000000000104',60,'PREZIOSI');
INSERT INTO VALUTA(CF_ESPERTO,TARIFFA,NOME_CAT) VALUES ('0000000000000104',10,'ARTE');
INSERT INTO VALUTA(CF_ESPERTO,TARIFFA,NOME_CAT) VALUES ('0000000000000104',15,'OGGETTI_VINTAGE');
INSERT INTO VALUTA(CF_ESPERTO,TARIFFA,NOME_CAT) VALUES ('0000000000000104',25,'CIMELI_SPORT');

INSERT INTO VALUTA(CF_ESPERTO,TARIFFA,NOME_CAT) VALUES ('0000000000000105',22,'ELETTRONICA');
INSERT INTO VALUTA(CF_ESPERTO,TARIFFA,NOME_CAT) VALUES ('0000000000000105',33,'PREZIOSI');
INSERT INTO VALUTA(CF_ESPERTO,TARIFFA,NOME_CAT) VALUES ('0000000000000105',11,'ARTE');
INSERT INTO VALUTA(CF_ESPERTO,TARIFFA,NOME_CAT) VALUES ('0000000000000105',17,'OGGETTI_VINTAGE');
INSERT INTO VALUTA(CF_ESPERTO,TARIFFA,NOME_CAT) VALUES ('0000000000000105',25,'CIMELI_SPORT');

INSERT INTO VALUTA(CF_ESPERTO,TARIFFA,NOME_CAT) VALUES ('0000000000000106',30,'ELETTRONICA');
INSERT INTO VALUTA(CF_ESPERTO,TARIFFA,NOME_CAT) VALUES ('0000000000000106',40,'PREZIOSI');
INSERT INTO VALUTA(CF_ESPERTO,TARIFFA,NOME_CAT) VALUES ('0000000000000106',20,'ARTE');
INSERT INTO VALUTA(CF_ESPERTO,TARIFFA,NOME_CAT) VALUES ('0000000000000106',15,'OGGETTI_VINTAGE');
INSERT INTO VALUTA(CF_ESPERTO,TARIFFA,NOME_CAT) VALUES ('0000000000000106',25,'CIMELI_SPORT');
commit;